raw_id,text,sentiment_label,sentiment_confidence,mentions_candidate_probability,intensity_score,lga_relevance_label,lga_confidence,opposition_signal_probability,language_label,language_confidence,schema_version,model,reviewer_label,reviewer_reasoning,final_label,reviewed_by,reviewed_at
legit_hausa-c6fda56a81c3,"Pate: Ministan Tinubu Ya Fadi abin da Ya Hana Shi Neman Takarar Gwamnan Bauchi - Legit.ng. Sani Hamza ƙwararren edita ne a fannin nishaɗi, al'amuran yau da kullum, da kuma siyasa, wanda ke da shekaru sama da biyar a aikin jarida. Bauchi – Ministan lafiya, Farfesa Ali Pate, ya fayyace dalilansa na janye jiki daga takarar gwamnan jihar Bauchi a babban zaɓen shekarar 2027 mai zuwa. A cikin wani saƙon bidiyo da aka yaɗa a ranar Lahadi, Pate ya amince cewa ya samu kira daga sassa daban-daban na jihar Bauchi da suke roƙonsa ya fito takara. Zance ya kare: Peter Obi ya fice daga jam'iyyar ADC, ya bayyana dalili Jaridar Punch ta ruwato ministan ya bayyana wa al'ummar Bauchi da ma Najeriya baki daya cewa: Wannan mataki ya biyo bayan tuntuɓar juna da ya yi da dattawa, matasa, da sauran masu ruwa da tsaki, inda ya ga dacewar ci gaba da ba da gudunmawa ga gwamnatin tarayya domin sake gina ƙasa. Ali Pate ya jaddada cewa Najeriya tana buƙatar gudunmawar kowane ɗan ƙasa a halin yanzu domin shawo kan ƙalubalen da ake fuskanta. Ya bayyana cewa mutum na iya taimaka wa ci gaban ƙasa ta hanyoyi da dama, ba lallai sai ta hanyar riƙe muƙamin gwamna a matakin jiha ba. Duk da cewa ba zai tsaya takara ba, Ali Pate ya lashi takobin ci gaba da gudanar da harkokin siyasa ta hanyar mara wa ƴan takara na gari baya. Matakin da Pantami ya dauka kan hadiminsa da ya kira ƴan adawa 'munafukai' Ya bayyana cewa zai tabbatar da cewa mutanen da zai goyi baya su ne waɗanda suke da gaskiya da riƙon amana, ba waɗanda ke bayyana lokacin zaɓe kawai ba. Pate ya yi kira ga al'umma da su ba wa gwamnatin Bola Tinubu da jam'iyyar APC goyon baya domin samun haɗin kai tsakanin tarayya da jiha. Ya ƙara da cewa daidaito tsakanin gwamnatin jiha da ta tarayya shi ne zai samar da ingantaccen ci gaba ga al'ummar jihar Bauchi. Ministan ya yi amfani da wannan dama wajen jan kunnen matasa da su guji zama makaman yaƙi a hannun ƴan siyasa masu son zuciya. Ya buƙaci matasa da su nisanci shaye-shayen miyagun ƙwayoyi, tashin hankali, da kuma siyasar rarraba kai wadda ba ta haifar da ɗa mai ido. Kalli bidiyon bayanin Ali Pate a kasa, wanda shafin Labari Daga Bauchi ya wallafa a Facebook : 'Ba sulhu a Nasarawa' Tsohon IGP ya rusa shirin APC, ya turje kan takarar gwamna A wani labari, mun ruwaito cewa , Ministan Lafiya, Farfesa Ali Pate, ya samu yabo daga masana, bayan an saka shi cikin jerin manyan mutane 100 a fannin lafiya a duniya. Kungiyar GHC ta yaba da rawar da ya taka wajen gyaran fannin lafiya da kokarinsa na bunkasa samar da magunguna a cikin gid. An kuma bukaci ya warware rikice-rikicen da ke cikin fannin lafiya ta hanyar adalci da mutunta dukkan ma’aikatan lafiya a kasar nan . Wanda ya tantance Muhammad Malumfashi, babban edita a Legit.ng. Sani Hamza                                    (Hausa Editor) Sani Hamza ma'aikaci ne da ya yake da gogewa a aikin jarida. Ba fassara labarai da wallafasu a yanar gizo kadai ba, Sani yana da kwarewa a aikin rediyo da talabijin. Ya kuma shafe shekaru 8 a masana'antar fina-finai da dab'i. Imel: sanihamzafuntua@gmail.com",not_about_candidate,0.98,0.03,calm,unclear,0.79,0.56,hausa,0.55,v3,jev-1.13.0,,,,,
legit_hausa-f6cc63a86bbf,"Za a Buga Siyasa: Gwamnan Bauchi Ya Saye Fom din Neman Takara a 2027 - Legit.ng. Editan Legit Hausa Ibrahim Yusuf yana da gogewar aikin jarida da rubuce-rubucen adabi sama da shekaru hudu, kuma kwararre ne a kawo rahotannin kasuwanci, siyasa da lamuran yau da kullum. Jihar Bauchi - Gwamna Bala Mohammed ya saye fom ɗin neman tsayawa takarar Sanata a jam’iyyar APM kwanaki biyar bayan sauya sheka daga PDP. A ranar 2 ga Mayun 2026, Bala Mohammed ya shiga APM bayan ya fice daga PDP sakamakon shari’o’in kotu da rikicin cikin gida da suka addabi jam’iyyar. NDC ta kara karfi a majalisa, sanatan ADC ya sauya sheka zuwa sabuwar jam'iyyar Gwamna Bala Mohammed ya yi bayani game da taron da ya yi da masu ruwa da tsaki na  jam'iyyar APM a wani sako da ya wallafa a Facebook. Bala Mohammed ya ce APM ta nuna kanta a matsayin wata ingantacciyar jam’iyya da ba ta da matsalolin shari’a domin shi da magoya bayansa su ci gaba da yi wa al’umma hidima a cikinta. A cikin wata sanarwa da ya fitar a ranar Alhamis, Bala Mohammed ya ce ya karɓi fom ɗin takarar Sanata ne yayin taron kwamitin zartarwa na ƙasa, NEC, na APM da aka gudanar a hedikwatar jam’iyyar ta ƙasa. Bala Mohammed ya ce taron NEC ɗin, wanda Yusuf Mamman Dantalle, shugaban jam’iyyar na ƙasa, ya jagoranta, ya mayar da hankali ne kan muhimman batutuwan ƙasa da na jam’iyyar. Kano: Gawuna ya bi sahun Kwankwaso, ya bayyana dalilinsa na barin ADC The Cable ta rahoto gwamnan Bauchi ya ƙara da cewa taron ya ba shi damar sanin tsarin shugabancin jam’iyyar a hukumance. Ya ce yanayin siyasar Najeriya ya ƙara fuskantar ƙalubale sakamakon halayen rashin kishin dimokuraɗiyya da barazanar siyasa, waɗanda a cewarsa suka sa hana jama'a masu nagarta su shiga a dama da su. Bala Mohammed ya ce bayan tattaunawa mai faɗi da abokan siyasa, masu ruwa da tsaki da magoya baya a faɗin ƙasa, APM ce ta fito a matsayin jam’iyyar da ta fi dacewa da hangen nesansu da burinsu na bai ɗaya. Gwamnan ya ce jam’iyyar tana da dabi’u iri ɗaya da mahangar siyasarsa, musamman a fannoni kamar shugabanci nagari, girmama dimokuraɗiyya, adalci, haɗin kai da mutunta doka. A wani labarin, kun ji cewa Gwamna Bala Mohammed ya yi korafi game da yadda jadawalin zaben 2027 zai gudana a lokacin aikin Hajji. Bala Mohammed ya bayyana cewa bai kamata a sanya jadawalin zaben 2027 a lokacin Hajji ba, inda yace lokacin zai yi karo da ranar Arafa. A kan haka ya yi kira ga shugaban hukumar zabe ta kasa da Shugaban kasa Bola Tinubu da su yi magana a daga lokacin zabe fitar da gwani a Najeriya. Wanda ya tantance Muhammad Malumfashi, babban edita a Legit.ng. Ibrahim Yusuf                                    (Hausa Editor) Ibrahim Yusuf yana da gogewar aikin jarida da rubuce-rubucen adabi sama da shekaru hudu, kuma kwararre ne a kawo rahotannin kasuwanci, siyasa da lamuran yau da kullum. ibrahim.yusuf@corp.legit.ng",neutral,0.31,0.92,calm,unclear,0.85,0.08,hausa,0.53,v3,jev-1.13.0,,,,,
legit_hausa-702feae512b6,"Kwamishinan Bauchi da Ake Zargin Ya Wawure N4.6bn Ya Samu Izinin zuwa Aikin Hajji - Legit.ng. Legit.ng Hausa ta bude tasha a manhajar Whatsapp . Kasance tare da mu don samun rahotanni da dumi-dumi! Sani Hamza ƙwararren edita ne a fannin nishaɗi, al'amuran yau da kullum, da kuma siyasa, wanda ke da shekaru sama da biyar a aikin jarida. Abuja - Mai shari'a Emeka Nwite na Babbar Kotun Tarayya da ke Abuja ya ba kwamishinan kuɗi na jihar Bauchi , Yakubu Adamu, izinin tafiya ƙasar Saudiyya domin gudanar da aikin Hajjin 2026 da kuma neman lafiyarsa. Alkalin ya yanke wannan hukunci ne a ranar Juma’a bayan duba buƙatar kwamishinan na neman izinin tafiyar da ayyukan Hajji na jihar Bauchi da kuma kula da lafiyarsa, inda a can za a yi masa aiki. Gwamna ya yi garambawul a majalisar zartarwa da kwamishinoni 2 suka ajiye aiki Mai shari'a Nwite ya ba da umarnin sakin fasfo ɗin kwamishinan na ɗan lokaci domin ya sami damar gudanar da wannan tafiya wadda aka tsara za ta gudana tsakanin 9 ga Mayu zuwa 28 ga Mayu, 2026, in ji rahoton The Guardian. Yayin nuna muhimmancin buƙatar, Mai shari'ar Nwite ya bayyana cewa rashin lafiya babban dalili ne mai ƙarfi da zai sa a saki takardun tafiyar wanda ake ƙara. Mai shari'a Nwite ya jaddada cewa damar samun ingantacciyar kulawar lafiya haƙƙi ne na tsarin mulki da kuma jin ƙai, ba tare da la'akari da zargin laifin da ake yi wa mutum ba. Alkalin ya bayyana cewa kowa yana da haƙƙin samun kulawa, ko ana yi masa shari'a ko kuma yana tsare. Gwamnatin Kano ta musanta kashe mutane bayan nada Murtala Garo, ta soki Amnesty Mai shari'ar ya buga misali da hukunce-hukuncen kotunan ɗaukaka ƙara, inda ya bayyana cewa kiyaye rai dole ne ya kasance babban fifiko a cikin harkokin shari'a. Sakamakon waɗannan hujjoji, kotu ta amince da dukkan buƙatun da wanda ake ƙara ya nema , in ji rahoton Punch. Alkalin ya ba da umarni cewa a mika fasfo ɗin da Adamu ya ajiye a wajen magatakardan kotu a matsayin ɓangare na sharaɗan belinsa, na ɗan lokaci. Ya kuma umurci kwamishi nan da ya mayar da fasfo ɗin nan take bayan ya dawo Najeriya daga tafiyar. Hukumar yaƙi da cin hanci da rashawa ta EFCC ce ke shari'ar Yakubu Adamu tare da kamfanin Ayab Agro Products and Freight Company Limited kan zargin karkatar da kuɗaɗe da suka kai naira biliyan 4.6. Tofa: Kotu ta bada umarnin kwace wasu kadarorin tsohon ministan Najeriya, Sylva Tun da fari, mun ruwaito cewa , Kwamishinan kudi na Bauchi, Yakubu Adamu, da mutum uku sun san matsayarsu kan bukatar neman belin da suka yi. Alkalin babbar kotun tarayya da ke Abuja ya amince da bukatar da mutanen suka nema ta samun beli a karar da hukumar EFCC ta shigar kansu. Mai shari'a Mohammed Umar ya gindaya musu sharudda yayin da ya amince da bayar da belin na su a ranar Laraba, 21 ga watan Janairun 2026. Wanda ya tantance Muhammad Malumfashi, babban edita a Legit.ng. Sani Hamza                                    (Hausa Editor) Sani Hamza ma'aikaci ne da ya yake da gogewa a aikin jarida. Ba fassara labarai da wallafasu a yanar gizo kadai ba, Sani yana da kwarewa a aikin rediyo da talabijin. Ya kuma shafe shekaru 8 a masana'antar fina-finai da dab'i. Imel: sanihamzafuntua@gmail.com",neutral,0.93,0.9,calm,unclear,0.75,0.1,hausa,0.6,v3,jev-1.13.0,,,,,
legit_hausa-b1f50e9af50c,"Babban Jami'i a Gwamnatin Bauchi Ya Rasu a Makkah ana Shirin Fara Aikin Hajji - Legit.ng. Legit.ng Hausa ta bude tasha a manhajar Whatsapp . Kasance tare da mu don samun rahotanni da dumi-dumi! Abdullahi Abubakar, Editan Legit Hausa ne ta bangaren siyasa, kasuwanci da al'amuran yau da kullum, ya na da gogewar aikin jarida sama da shekaru biyar. Bauchi - Gwamna Bala Mohammed ya jajanta wa iyalai da abokan aikin daya daga cikin jami'an gwamnatinsa da ya rasu a Saudiyya . Marigayin, Alhaji Shehu Yahaya Jalam shi ne babban sakatare mai kula da ayyuka na musamman a ofishin sakataren gwamnatin Bauchi . Hakan na cikin wata sanarwa da mai ba gwamna Bala Mohammed shawara kan yada labarai, Mukhtar Gidado ya wallafa a shafin Facebook . Bayan sun yi barazana, gwamnatin tarayya ta amince da karin alawus na 40% ga ma’aikata A cikin sanarwar, gwamnatin Bauchi ta bayyana rasuwar da matukar alhini inda ta bayyana shi a matsayin mutumin kirki. Rahotanni sun bayyana cewa marigayin ya rasu ne da safiyar Lahadi bayan gajeruwar rashin lafiya yayin da yake cikin tawagar alhazan Bauchi a Saudiyya. Marigayin wanda ke rike da sarautar Turakin Dawakin Misau ya kasance daya daga cikin jami’an gwamnati masu taimakawa wajen tsara ayyukan hajji da sauran harkokin gwamnati. Sanarwar ta ce marigayin ma’aikaci ne mai kwazo, biyayya da sadaukarwa wanda ya bayar da rayuwarsa wajen yi wa gwamnatin Bauchi hidima tsawon shekaru. Mukhtar Gidado ya ce rasuwar tasa babban gibi ba ga iyalansa kadai ba, har ma da gwamnati da al’ummar da suka amfana da kwarewarsa. An gudanar da sallar jana’izarsa ne bayan sallar Azahar a masallacin Ka’aba da ke birnin Makkah ranar Lahadi bayan tabbatar da rasuwarsa. An saki sunayen kananan hukumomi 3 da Boko Haram ta tilasta wa biyan haraji a Yobe Gwamna Bala Mohammed ya mika sakon ta’aziyya ga iyalansa, ofishin sakataren gwamnatin Bauchi, shugaban ma’aikata, masarautun Misau da Dambam da sauran abokan hulda. Gwamnan ya kuma yi addu’ar Allah ya gafarta kura-kuransa, ya sanya shi cikin Aljannatul Firdaus tare da bai wa iyalansa hakurin jure rashin. Mun ba ku labarin cewa wata maniyyaciya ƴar shekara 73 daga Jihar Adamawa , Mallama Aishatu Muhammadu, ta rasu a hanyarta ta zuwa Madina. Hukumar NAHCON ta bayyana cewa ciwon zuciya ne ya yi sanadin mutuwar tata yayin da take cikin tafiya daga birnin Jeddah. Shugaban NAHCON ya jajanta wa iyalan mamaciyar tare da ba su tabbacin dawo masu da dukkan kayayyakin da ta bari a ƙasa mai tsarki. Abdullahi Abubakar                                    (Hausa editor) Marubuci kuma kwararren ɗan jarida ne da ya shafe shekaru 5 yana rubutu a fannin siyasa da harkokin yau da kullum. Ya kammala digirin farko a jami'ar Maiduguri. Ya samu horon aikin jarida a Reuters da AFP, ya sha halartar tarukan karawa juna sani game da bincike da adabi. Tuntube shi a abdullahi.abubakar@corp.legit.ng.",not_about_candidate,1.0,0.03,moderate,Misau,0.67,0.1,hausa,0.74,v3,jev-1.13.0,,,,,
legit_hausa-e36e6f6372aa,"Tuggar Ya Rasa Tikiti da Aka Sanar da Dan Takarar Gwamna na APC a Bauchi - Legit.ng. Legit.ng Hausa ta bude tasha a manhajar Whatsapp . Kasance tare da mu don samun rahotanni da dumi-dumi! ​​​​​​​​​​​Editan Legit Hausa Sharif Lawal yana da kwarewar shekaru wajen kawo rahotannin siyasa, al'amuran yau da kullum, tsegumi da nishadi Jihar Bauchi - Tsohon Ministan harkokin waje, Ambasada Yusuf Tuggar, ya rasa tikitin jam'iyyar APC don tsayawa takarar gwamnan jihar Bauchi . Yusuf Tuggar da Bala Maijama’a A. Wunti, tsohon babban jami’i a kamfanin mai na kasa (NNPCL), sun rasa damarsu ta lashe tikitin takarar gwamna na jam’iyyar APC na zaɓen 2027 a jihar Bauchi. Jaridar Daily Trust ta ce shugaban kwamitin zaɓen fitar da gwani na gwamna da na Majalisar dokoki na APC na jihar Bauchi, AIG John Abang (mai ritaya) ya sanar da sakamakon a safiyar ranar Asabar, 23 ga watan Mayun 2026. 2027: Kakakin majalisar Kwara ya raba gardama a zaben fitar da dan takarar gwamnan APC A cewar AIG John Abang, tsohon Gwamna Mohammed Abubakar ya doke sauran masu neman takarar guda shida domin lashe tikitin, jaridar TheCable ta kawo rahoton. Ya sanar da sakamakon inda ya bayyana cewa Mohammed Abubakar, wanda ya yi nasara, ya sami ƙuri’u 57,517; Yusuf Tuggar ya samu ƙuri’u 26,001, yayin da Nura Manu Soro ya samu ƙuri’u 13,638. Sauran masu neman takarar sun haɗa da Bala Maijama’a A. Wunti, wanda ya samu ƙuri’u 13,648, Kabir Baba Ma’aji da ƙuri’u 8,157, Baba Abubakar Suleiman wanda ya samu ƙuri’u 7,688, da kuma Yakubu Yakubu Abdullahi wanda ya samu ƙuri’u 7,181. Gwamna mai ci a yanzu na jihar Bauchi, Bala Mohammed , ya taɓa doke Mohammed Abubakar a zaɓen shekarar 2019. Bala Mohammed ya tsaya takara ne kuma ya lashe zaɓen a ƙarƙashin jam'iyyar PDP, yayin da Mohammed Abubakar ya sha kaye a matsayinsa na gwamna mai ci a lokacin a ƙarƙashin APC. Bayan kai ruwa rana, jam'iyyar APC ta tsaida 'dan takarar gwamnan Yobe a zaben 2027 Yusuf Tuggar yana cikin rukunin farko na waɗanda aka ba wa muƙamai waɗanda suka bi umarnin Shugaba Bola Tinubu na cewa duk masu neman muƙaman zaɓe a shekarar 2027 su yi murabus kafin ranar 31 ga watan Maris, 2027. A wani labarin kuma, kun ji cewa jam'iyyar APC ta sanar da dan takararta na gwamna a jihar Yobe bayan kammala zaben fitar da gwani. Tsohon sakataren gwamnatin jihar Yobe, Alhaji Baba Malam Wali, ya lashe tikitin takarar gwamna na jam’iyyar APC gabanin zaɓen 2027. An ayyana Malam Wali mai shekaru 68 a matsayin wanda ya lashe zaɓen fitar da gwani na gwamna da aka gudanar a fadin kananan hukumomin jihar Yobe. Sharif Lawal                                    (Hausa Editor) Sharif Lawal ma'aikacin jarida ne wanda ya samu gogewa a harkar aikin jarida. Ya yi digirinsa na farko a jami'ar Ahmadu Bello (ABU) da ke Zaria. Ya samu horo daga Reuters kan aikin jarida da tantance labarai. Za a iya tuntubarsa ta Sharif.lawal@corp.legit.ng",not_about_candidate,0.89,0.03,calm,unclear,0.79,0.2,hausa,0.67,v3,jev-1.13.0,,,,,
legit_hausa-0eb7338fac2e,"'Dan Marigayi Sheikh Dahiru Usman Bauchi Ya Samu Tikitin Takarar Gwamna a Zaben 2027 - Legit.ng. Legit.ng Hausa ta bude tasha a manhajar Whatsapp . Kasance tare da mu don samun rahotanni da dumi-dumi! Ahmad Yusuf, kwararren edita ne a Legit Hausa da ya shafe tsawon shekaru yana kawo muku rahotannin siyasa, nishadi da al'amuran yau da kullum Bauchi, Nigeria - Jam’iyyar APGA ta tabbatar da Naziru Sheikh Dahiru Usman Bauchi a matsayin ɗan takararta na gwamna a jihar Bauchi gabanin zaɓen shekarar 2027. Shugaban jam’iyyar APGA na jihar Bauchi, Ibrahim Dantalle, ne ya sanar da hakan ranar Alhamis, inda ya bayyana kwarin gwiwar jam’iyyar na samun nasara a zaɓen da ke tafe. Atiku ya bayyana tsare tsarensa game da Najeriya bayan lashe tikitin ADC Dantalle ya ce APGA ta dade tana siyasa a Najeriya kuma ta samu nasarori a jihohi daban-daban na ƙasar nan tsawon shekaru, kamar yadda Leadership ta ruwaito. Ya bayyana cewa jam’iyyar na da cikakken shiri na tsayawa takara a dukkan mukaman siyasa a jihar Bauchi a zaɓen 2027, domin neman karɓe ragamar mulki da sauran kujerun siyasa. A cewarsa, jam’iyyar ta gabatar da sahihin ɗan takara mai ƙwarewa, Naziru Dahiru Bauchi, wanda ya bayyana a matsayin matashi mai himma da hangen nesa wajen kawo ci gaba mai ma’ana. Ya ƙara da cewa sauran masu neman tikitin gwamna a jam’iyyar sun janye da kansu tare da amincewa da goyon bayan Naziru saboda ƙwarewarsa, cancantarsa da kuma halayen shugabanci da yake da su. A jawabinsa na karɓar tikitin takarar Naziru, wanda ɗa ne ga fitaccen malamin addinin Musulunci marigayi Sheikh Dahiru Usman Bauchi, ya yi alkawarin sauya fasalin jihar Bauchi zuwa cibiyar kasuwanci da bunƙasar tattalin arziƙi idan aka zaɓe shi. Zaben ADC: Atiku Abubakar ya shiga gaba, ya samu gagarumar nasara a jihohi 5 Ya gode wa shugabannin jam’iyyar da mambobinta bisa yarda da suka nuna masa, yana mai tabbatar da cewa APGA za ta bai wa manyan jam’iyyun siyasa a jihar ƙalubale mai ƙarfi a zaɓen 2027. Ɗan takarar ya yi alƙawarin samar da shugabanci na gaskiya da riƙon amana tare da bai wa matasa da mata muhimmanci ta hanyar shirye-shiryen ci gaba masu ɗorewa. A cewarsa, idan ya zama gwamna zai mayar da hankali wajen samar da ayyukan yi, rage talauci, gyaran ilimi, inganta kiwon lafiya, bunƙasa noma da karkara, tsaro, gine-ginen more rayuwa da gyaran birane. Haka kuma ya yi alkawarin ƙarfafa mata da tabbatar da adalci da gaskiya a shugabanci, kamar yadda Daily Post ta kawo. A wani rahoton, kun ji cewa Gwamna Bala Mohammed ya bukaci a yi la’akari da lokacin aikin Hajjin bana wajen tsara zabuka da sauran manyan ayyukan siyasar 2027. Nnaji: Ministan da Tinubu ya kora saboda jabun takardu ya samu takarar gwamna a PDP Bala Mohammed ya soki INEC kan tsara ayyukan zaben 2027, yana mai bayyana rashin dacewa yadda muhimman zabukan fitar gwani na jam’iyyun siyasa. Gwamnan ya yi wannan kira ne yayin jawabinsa na bankwana da maniyyata a sansanin Alhazan Sultan Sa’ad Abubakar a jihar Bauchi Wanda ya tantance Muhammad Malumfashi, babban edita a Legit.ng. Ahmad Yusuf                                    (Hausa editor) Ahmad Yusuf ma'aikacin jaridar Legit.ng sashin Hausa ya fara aiki a 2021, ya kware wajen kawo labarai da rahotanni da suka shafi siyasa da al'amuran yau da kullum. 
Matashin ɗan jaridar ya koyi Lissafi a digirinsa na farko a Jami'ar Kimiyya da Fasaha da ke Wudil, Kano (KUST) ya kuma samu shaidar kwarewa a fannin aikin jaridar zamani daga Reuters a 2022. Kafin fara aiki da Legit Ahmad ya yi aiki da jaridu da dama na turanci da Hausa tun 2012. 
Mail: ahmad.yusuf@corp.legit.ng 07032379262",not_about_candidate,0.99,0.02,mild,Bauchi,0.6,0.11,hausa,0.4,v3,jev-1.13.0,,,,,
legit_hausa-662a30555fe6,"Yakubu Adamu: Bala Mohammed Ya Tsayar Dan Takarar Gwamna a Bauchi - Legit.ng. Legit.ng Hausa ta bude tasha a manhajar Whatsapp . Kasance tare da mu don samun rahotanni da dumi-dumi! Editan Legit Hausa Ibrahim Yusuf yana da gogewar aikin jarida da rubuce-rubucen adabi sama da shekaru hudu, kuma kwararre ne a kawo rahotannin kasuwanci, siyasa da lamuran yau da kullum. Jihar Bauchi - Jam’iyyar APM ta tabbatar da Dr. Yakubu Adamu a matsayin dan takararta na gwamna a babban zaben 2027 a jihar Bauchi. Jam’iyyar kuma ta tabbatar da Gwamna Bala Mohammed a matsayin dan takararta na kujerar Sanatan Bauchi ta Kudu a zaben da ke tafe. 'Dan marigayi Sheikh Dahiru Usman Bauchi ya samu tikitin takarar gwamna a zaben 2027 Legit Hausa ta tattaro bayanai game da taron jam'iyyar ne a wani sako da Sanata Bala Mohammed ya wallafa a shafinsa na Facebook. Leadership ta wallafa cewa an gudanar da bikin tabbatar da 'yan takara na jam'iyyar APM a Bauchi a ranar Alhamis a dandalin Sulaiman Adamu da ke fadar gwamnatin jihar. Shugaban jam’iyyar APM na jihar Bauchi, Auwal Isa, ya ce jam’iyyar a shirye take ta shiga zaben 2027 tare da gabatar da nagartattun ’yan takara don wakiltar ta. Haka kuma, Hon. Danlami Ahmed Kawule, wanda ya kula da aikin tabbatar da 'yan takarar, ya bayyana cewa APM na samun karfi da karbuwa cikin sauri a fadin jihar Bauchi gabanin zaben 2027. A cikin jawabin karbar takara, tsohon kwamishinan kudi a jihar Bauchi, Dr. Yakubu Adamu, ya yi alkawarin daurawa kan nasarorin gwamna Bala Mohammed idan aka zabe shi. Jerin gwamnoni 7 da suka samu tikitin takarar sanata na jam'iyyar APC a zaben 2027 Ya ce hangen nesa, nasarori da salon shugabancin gwamnan ne suka zaburar da shi shiga takara, tare da kudirin ci gaba da aikin da aka samu cikin shekaru bakwai da suka gabata. Dr. Adamu ya yaba wa shugabancin APM, ’yan jam’iyya da magoya baya a fadin jihar bisa amincewa da goyon bayansu, yana mai bayyana tsarin dimokuradiyyar cikin jam’iyya a matsayin babban karfi. Haka kuma, Gwamna Bala Mohammed, wanda shi ne dan takarar Sanatan Bauchi ta Kudu na APM, ya yaba wa dukkan ’yan takara bisa rawar da suka taka wajen karfafa dimokuradiyya a jam’iyyar. A bayanin da ya yi, Bala Mohammed ya ce sadaukarwarsu da jajircewarsu sun taimaka wajen ci gaban jam’iyyar sosai. A cewarsa, shugabanci yana da nasaba da amana, sauke nauyi, yana mai jaddada muhimmancin hadin kai a tsakanin mambobin jam’iyyar APM. A wani labarin, mun kawo muku cewa shugaban tafiyar Kwankwasiyya, Sanata Rabiu Musa Kwankwaso ya fitar da 'yan takara a Kano. Rabiu Musa Kwankwaso ya bayyana cewa Aminu Abdulsalam Gwarzo ne zai yi wa jam'iyyar NDC takarar gwamna a jihar Kano a 2027. Bugu da kari, Kwankwaso ya sanar da cewa tsohon mataimakin gwamnan jihar, Nasiru Gawuna ne zai yi wa jam'iyyar takarar Sanata. Wanda ya tantance Muhammad Malumfashi, babban edita a Legit.ng. Ibrahim Yusuf                                    (Hausa Editor) Ibrahim Yusuf yana da gogewar aikin jarida da rubuce-rubucen adabi sama da shekaru hudu, kuma kwararre ne a kawo rahotannin kasuwanci, siyasa da lamuran yau da kullum. ibrahim.yusuf@corp.legit.ng",positive,0.35,0.99,calm,unclear,0.5,0.06,hausa,0.54,v3,jev-1.13.0,,,,,
legit_hausa-f8f32d3ff01a,"Gwamna Makinde Ya Samu Tikitin Takara, Zai Gwabza da Atiku da Tinubu a Zaben 2027 - Legit.ng. Legit.ng Hausa ta bude tasha a manhajar Whatsapp . Kasance tare da mu don samun rahotanni da dumi-dumi! Ahmad Yusuf, kwararren edita ne a Legit Hausa da ya shafe tsawon shekaru yana kawo muku rahotannin siyasa, nishadi da al'amuran yau da kullum Ibadan, Oyo - Gwamnan jihar Oyo, Seyi Makinde , ya zama ɗan takarar shugaban ƙasa na jam’iyyar APM domin fafatawa a babban zaɓen shekarar 2027. Makinde ya samu tikiti ne bayan kammala tsarin zaɓen fitar da gwani na shugaban ƙasa da jam’iyyar ta gudanar, inda daga bisani aka miƙa masa takardar shaidar nasara tare da tutar APM. Tsohon hadimin Atiku ya girma, ya samu tikitin takarar shugaban kasa a zaben 2027 Jaridar The Nation ta ruwaito cewa an gudanar da taron bayyana ɗan takarar ne a dakin taro na Emeritus Professor Theophilus Ogunlesi Hall da ke Ibadan , babban birnin jihar Oyo. Shugaban APM na ƙasa, Yusuf Dantalle, ne ya miƙa wa Makinde takardar shaidar cin zaɓe da kuma tutar jam’iyyar a gaban wakilai daga jihohi daban-daban na ƙasar nan. Kafin ya miƙa tutar, Dantalle ya gayyaci shugabannin jam’iyyar APM na jihohi 36 tare da neman amincewarsu kan bai wa Makinde tikitin shugaban ƙasa. Wakilan sun nuna amincewa da ƙarfi ta hanyar kuri’ar murya, lamarin da ya tabbatar da goyon bayan da Gwamna Makinde yake samu a cikin jam’iyyar. Da yake jawabi, Dantalle ya bayyana cewa an zaɓi Makinde ne saboda tarihin ayyukansa da kuma yadda ya jagoranci jihar Oyo cikin shekaru bakwai da suka gabata. Peter Obi ko Kwankwaso: NDC ta shirya tsaida 'dan takarar shugaban kasa a zaben 2027 Ya ce gwamnan ya nuna ƙwarewa, jajircewa da kuma himma wajen inganta rayuwar al’umma, abin da ya sa jam’iyyar APM ta ga ya dace ya jagoranci tafiyar neman shugabancin ƙasa. A cewarsa, fitowar Makinde a matsayin ɗan takarar shugaban ƙasa alama ce ta fara wani sabon salo na siyasa da ya kira “Reset Nigerian Movement”, wato yunƙurin sake farfaɗo da Najeriya. Dantalle ya kuma bayyana cewa takarar Makinde na wakiltar wata sabuwar haɗaka tsakanin wasu ƙungiyoyin siyasa da masu ruwa da tsaki da ke son ganin an samu sabuwar alkibla a tafiyar Najeriya. Ya ce dubban ‘yan Najeriya na neman shugabanci mai adalci, haɗin kai da ci gaba, kuma suna ganin Makinde na da damar bayar da irin wannan shugabanci,cewar rahoton Leadership. A wani labarin, kun ji cewa tsohon hadimin Atiku Abubakar ya lashe tikitin takarar shugabanNkasa na jam'iyyar ADP a babban zaben 2027 da ke tafe. An tabbatar da nasarar Ambasada Aliyu Bin Abbas ne a safiyar Asabar yayin babban taron jam'iyyar na ƙasa da aka gudanar a birnin Abuja . Aliyu Bin Abbas ya taɓa zama hadimin tsohon mataimakin shugaban ƙasa, Atiku Abubakar , wanda shi ma yanzu yake takarar shugaban ƙasa a ƙarƙashin inuwar jam’iyyar ADC. Wanda ya tantance Muhammad Malumfashi, babban edita a Legit.ng. Ahmad Yusuf                                    (Hausa editor) Ahmad Yusuf ma'aikacin jaridar Legit.ng sashin Hausa ya fara aiki a 2021, ya kware wajen kawo labarai da rahotanni da suka shafi siyasa da al'amuran yau da kullum. 
Matashin ɗan jaridar ya koyi Lissafi a digirinsa na farko a Jami'ar Kimiyya da Fasaha da ke Wudil, Kano (KUST) ya kuma samu shaidar kwarewa a fannin aikin jaridar zamani daga Reuters a 2022. Kafin fara aiki da Legit Ahmad ya yi aiki da jaridu da dama na turanci da Hausa tun 2012. 
Mail: ahmad.yusuf@corp.legit.ng 07032379262",not_about_candidate,0.73,0.9,calm,unclear,0.99,0.07,hausa,0.55,v3,jev-1.13.0,,,,,
legit_hausa-0edf4afe8479,"PDP Ta Kara Birkicewa, 'Yan Majalisa 4 na Jam'iyyar daga Bauchi Sun Koma APM - Legit.ng. Legit.ng Hausa ta bude tasha a manhajar Whatsapp . Kasance tare da mu don samun rahotanni da dumi-dumi! ​​​​​​​​​​​Editan Legit Hausa Sharif Lawal yana da kwarewar shekaru wajen kawo rahotannin siyasa, al'amuran yau da kullum, tsegumi da nishadi FCT, Abuja - Guguwar sauya sheka da ke kadawa a Majalisar Wakilai ta ƙara tsananta, yayin da 'yan majalisa huɗu daga jihar Bauchi suka ficewa jam'iyyar PDP zuwa APM. Ficewarsu na zama matsayin wata sabuwar alama ta sauye-sauyen ƙawancen siyasa gabannin babban zaɓen shekarar 2027. Jaridar The Punch ta ce an sanar da sauya shekar ne a hukumance ta hannun shugaban Majalisar wakilai, Tajudeen Abbas, a ranar Alhamis, 4 ga watan Yunin 2026. Atiku ya zayyano kurakuran gwamnatin Tinubu kan rashin tsaro ""ta ki daukar darasi"" Tajudeen Abbas ya karanta wasiƙun 'yan majalisar da abin ya shafa dake sanar da majalisar shawararsu ta barin jam'iyyar PDP , TVC News ta kawo labarin. 'Yan majalisar su ne Muhammad Shehu, mai wakiltar Mazabar Zaki, Aliyu Garu, mai wakiltar Mazabar Bauchi, Sani Tanko, mai wakiltar Mazabar Shira/Giade da kuma Mansur Soro, mai wakiltar Mazabar Darazo/Ganjuwa. Haka kuma, Jeremiah Umaru, wanda ke wakiltar Mazabar Akwanga/ Nasarawa Eggon/Wamba ta jihar Nasarawa, shi ma ya sauya sheka. Jeremiah Umaru ya sauya sheka ne daga jam'iyyar APC mai mulki zuwa jam'iyyar SDP mai adawa a Najeriya. Babban abin da suka kafa hujja shi a cikin wasiƙun sauya shekar tasu shi ne “rikice-rikicen cikin gida na jam'iyya” da kuma “Bukatar samar da kyakkyawan wakilci” ga al'ummomin mazabar da suke wakilta daban-daban. Ficewar ta 'yan majalisar Bauchi guda huɗu tana da gagarumin muhimmanci duba da tasirin jam'iyyar PDP a jihar. Bayan ficewar Babachir, sabuwar rigima ta bullo a ADC a jihar Adamawa Sauya shekar ta ranar Alhamis ta biyo bayan jerin sauya sheka da aka gani a Majalisar cikin makon da ya gabata. A ranar Talata, 'yan majalisa takwai suka sanar da ficewarsu daga PDP zuwa APM, yayin da wasu guda uku suka fice daga APC zuwa PDP da jam'iyyar NDC. A wani labarin kuma, kun ji cewa jam'iyyar PDP mai adawa a Najeriya, ta tsayar da tsohon Ministan kwadago da samar da ayyuka, Sanata Joel Ikenya, a matsayin dan takararta na gwamna a Taraba bayan zaben fitar da gwani. Sanata Joel Ikenya ya zama wanda ya lashe zaɓen fitar da gwani na gwamna da ɓangaren jam'iyyar PDP karkashin jagorancin Turaki ya gudanar a Taraba. Shugaban kwamitin zaɓen, Honorabul Felix Hassan Hyat, ya bayyana cewa an gudanar da zaɓen cikin gaskiya da adalci, tare da yabawa kwamitin gudanarwar PDP na Taraba kan yadda aka gudanar da shi cikin lumana. Wanda ya tantance Muhammad Malumfashi, babban edita a Legit.ng. Sharif Lawal                                    (Hausa Editor) Sharif Lawal ma'aikacin jarida ne wanda ya samu gogewa a harkar aikin jarida. Ya yi digirinsa na farko a jami'ar Ahmadu Bello (ABU) da ke Zaria. Ya samu horo daga Reuters kan aikin jarida da tantance labarai. Za a iya tuntubarsa ta Sharif.lawal@corp.legit.ng",neutral,0.36,0.8,calm,Bauchi,0.39,0.15,hausa,0.79,v3,jev-1.13.0,,,,,
legit_hausa-ca6d6e1ebbee,"Takardun Kotu Sun Nuna Yadda Tsohon Akanta Janar a Bauchi Ya 'Wawuri' N40bn - Legit.ng. Legit.ng Hausa ta bude tasha a manhajar Whatsapp . Kasance tare da mu don samun rahotanni da dumi-dumi! A'isha Ahmad edita ce a sashen Hausa na Legit. Tana da ƙwarewa wajen rubutun labarai da rahotanni tsawon shekaru uku. Ta kware a kawo rahotannin, al'amuran da su ka shafi mata da yara da siyasa. Jihar Bauchi – Sababbin takardun da aka gabatar a Babbar Kotun Jihar Bauchi sun bayyana yadda ake zargin tsohon Akanta Janar na jihar, Dakta Sa’idu Abubakar rub da ciki a kan kuɗin jama'a. Ana zargin ya karbo rance na biliyoyin Naira ta hanyar amfani da takardun amincewa na bogi tare da karkatar da kuɗain zuwa wasu kwangilolin samar da babura da ake cewa babu su. Yadda miji da mata suka tafka damfarar kusan N2bn da matakin da EFCC ta dauka Daily Nigerian ta wallafa cewa a cikin takardun ƙarar da gwamnatin Bauchi ta shigar, ana zargin Dakta Sa’idu da aikata laifuffukan zamba, yaudara da cin amanar aiki. The Guardian ta wallafa cewa ana zargin Dakta Sa’idu Abubakar ya yi amfani da takardun amincewar Majalisar Zartarwa ta Jiha, Majalisar Dokoki. Ya samo takardun ISPO na bogi wajen samun rance daga bankunan UBA da Polaris a madadin gwamnatin Bauchi ba tare da sahalewar Gwamna Bala Mohammed ko Majalisar Zartarwa ba. Ana zargin ya karkatar da rancen N3bn da aka ce an samo daga UBA domin kwangilar babura 5,000, sannan ya yaudari sakataren Majalisar Dokoki da Babban Sakataren gwamnati cewa an amince da rancen UBA. Ana zargin ya karkatar da Naira biliyan 4.6 daga rancen bankin Polaris Bank domin sayen babura 15,000 da babu su, babu kamarsu. Ana zargin ya karkatar da Naira biliyan 3.36 daga wani rancen UBA domin samar da babura 7,000 da gabatar da bayanan ƙarya cewa hukumomin da suka dace sun amince da wannan rance. Juyin mulki: DSS ta kai wanda ake zargi da zuga sojoji gaban kotu Ana zargin ya ƙirƙiri takardar ISPO ta bogi domin biyan wannan rancen da aka ce ba bisa ka’ida aka samu ba. Ana zargin ya yi amfani da takardun bogi wajen samun rancen Naira biliyan 4.65 daga Polaris Bank, sannan ya ƙirƙiri wata takardar ISPO ta bogi domin biyan rancen Polaris Bank. Ana zargin ya yi amfani da takardun bogi wajen samun rancen Naira biliyan 3.36 daga UBA,ya kuma ƙirƙirar wata takardar ISPO ta bogi da ta shafi wannan rance na UBA. Ana zargin ya mallaki takardun bogi da aka yi niyyar amfani da su wajen samun rancen N3bn daga UBA, kuma ya mallaki takardun bogi da suka taimaka wajen neman rancen Naira biliyan 4.65 daga Polaris Bank. Ana zargin ya mallaki wasu takardun bogi da suka shafi rancen Naira biliyan 3.36 daga UBA, kuma ya ci amanar aiki ta hanyar samo rance ba bisa ka’ida ba daga Polaris Bank da UBA a madadin gwamnatin Bauchi. Ana ci gaba da shari’ar a gaban Babbar Kotun Jihar Bauchi, yayin da gwamnatin jihar ke neman a hukunta tsohon Akanta Janar bisa laifuffukan da ake zargin ya aikata. Ndume: Sanata ya faɗi wurin da ya dace Amurka ta kafa sansanin soji a jihar Borno A baya, mun wallafa cewa jami’an EFCC sun cafke Akanta Janar na Bauchi, Sirajo Jaja, tare da wasu mutane biyu bisa zargin karkatar da N70bn a madadin gwamnatin jihar. Ana zargin an cire Naira biliyan 59 daga asusun jihar, inda aka biya wakilan jam’iyya da abokan siyasar Gwamna Bala Mohammed da biliyoyin kuɗin jama'a da aka wawure. Mai magana da yawun hukumar EFCC, Dele Oyewale, wanda ya tabbatar da kama wadanda ake zargin, ya kuma bayyana halin da ake ciki a yanzu na daukar mataki. Aisha Ahmad                                    (Hausa editor) Edita ce a sashen Hausa na legit.ng. Ta samu horon aikin jarida, musamman ta bangaren tace labarai a Premier Radio, da ICIR, da Express Radio. Ta shafe sama da shekaru goma tana aikin ɗaukar rahoto a jihar Kano. aisha.ahmad@corp.legit.ng",not_about_candidate,0.7,0.03,calm,Bauchi,0.48,0.12,hausa,0.66,v3,jev-1.13.0,,,,,
legit_hausa-70cec7a214ca,"Dan Majalisa Ya Rasu a Bauchi Kwana 1 bayan Mutuwar Tsohon Mataimakin Gwamna - Legit.ng. Legit.ng Hausa ta bude tasha a manhajar Whatsapp . Kasance tare da mu don samun rahotanni da dumi-dumi! ​​​​​​​​​​​ Editan Legit Hausa Sharif Lawal yana da kwarewar shekaru wajen kawo rahotannin siyasa, al'amuran yau da kullum, tsegumi da nishadi Jihar Bauchi - Ɗan majalisar dokokin jihar Bauchi mai wakiltar mazabar Sakwa, Hon. Wanzam Mohammed Zaki, ya rasu a Bauchi bayan fama da gajeruwar rashin lafiya. Har zuwa lokacin rasuwarsa , Hon Wanzam Mohammed Zaki shi ne shugaban kwamitin majalisar kan kasafin kudi da samar da kudade. Jaridar Daily Trust ta ce kakakin majalisar dokokin jihar, Rt. Hon. Abubakar Y. Sulaiman, ne ya sanar da rasuwarsa a cikin wata sanarwa da kakakin sa, Mukhtar Garba Kobi, ya sanyawa hannu a ranar Lahadi, 21 ga watan Yunin 2026. An yi babban rashi: Tsohon mataimakin gwamna, Katagum ya riga mu gidan gaskiya Ya bayyana marigayin a matsayin mai yi wa jama'a hidima da sadaukarwa wanda ya yi wa mazabarsa da jihar hidima bisa iya bakin kokarinsa. Kakakin majalisar ya yi addu'ar Allah Ya yafe wa marigayin kurakuransa, yYa karbi ayyukansa na kwarai, kuma Ya sanya shi a Aljannatul Firdausi. Gwamnan jihar Bauchi, Bala Mohammed , ya bayyana marigayin a matsayin dan majalisa jajirtacce, shugaba mai tawali'u, kuma mai yi wa jama'a hidima, sadaukarwa, wanda rayuwarsa ta kasance mai cike da sauki da jajircewa wajen kulawa da jin dadin mutanen mazabarsa da kuma ci gaban jihar Bauchi. Ya bayyana hakan ne a cikin sakon ta'aziyyar da mai ba shi shawara na musamman kan harkokin yada labarai da hulda da jama'a, Mukhtar Gidado, ya fitar a shafinsa na Facebook. Jerin gwamnonin jihar Ekiti daga 1999 zuwa yau yayin da ake shirin sabon zabe a 2026 Gwamnan ya lura cewa dan majalisar ya bambanta kansa ta hanyar kwazo, girma, da kishin kasa, musamman a matsayinsa na shugaban kwamitin majalisar kan kasafin kudi da samar da kudade. Ya yaba da gudunmawarsa wajen tsarawa da sa ido kan manufofi da shirye-shiryen da aka yi niyyar inganta rayuwar jama'a. Gwamna Bala Mohammed ya yi addu'ar Allah Ya gafarta masa kurakuransa kuma ya ba shi hutu na har abada a Aljannatul Firdausi. A wani labarin kuma, kun ji cewa tsohon mataimakin gwamnan jihar Bauchi, Arch. Audu Sule Katagum, ya riga mu gidan gaskiya. Audu Sule Katagum, wanda ya rike mukamin mataimakin gwamna tsakanin 2018 zuwa 2019 ya yi bankwana da duniya ne yana da shekara 69. Baya ga harkokin siyasa, Audu Sule Katagum ya kasance basarake wanda ke rike da sarautar Wazirin Katagum a Bauchi. Wanda ya tantance Muhammad Malumfashi, babban edita a Legit.ng. Sharif Lawal                                    (Hausa Editor) Sharif Lawal ma'aikacin jarida ne wanda ya samu gogewa a harkar aikin jarida. Ya yi digirinsa na farko a jami'ar Ahmadu Bello (ABU) da ke Zaria. Ya samu horo daga Reuters kan aikin jarida da tantance labarai. Za a iya tuntubarsa ta Sharif.lawal@corp.legit.ng",not_about_candidate,0.99,0.02,mild,Katagum,0.56,0.13,hausa,0.65,v3,jev-1.13.0,,,,,
legit_hausa-b458d89c30c9,"Sheikh Mansur Yelwa Ya Koma Limanci a Masallacin ATBU Bauchi, Ya Fadi Dalilin Dawowa - Legit.ng. Legit.ng Hausa ta bude tasha a manhajar Whatsapp . Kasance tare da mu don samun rahotanni da dumi-dumi! Sani Hamza ƙwararren edita ne a fannin nishaɗi, al'amuran yau da kullum, da kuma siyasa, wanda ke da shekaru sama da biyar a aikin jarida. Bauchi - Fitaccen malamin addinin Musulmi, Sheikh Mansur Isah Yelwa ya dawo limanci a masallacin jami'ar Abubakar Tafawa Balewa da ke jihar Bauchi . Wannan na zuwa ne kwanaki hudu bayan da malamin ya sanar da murabus daga limancin masallacin sakamakon ba kungiyar dalibai 'yan Darika fili su gina masallaci a jami'ar. Iyayen daliban da aka sace sun rusa kuka bayan ziyarar tawagar Zulum A cikin wani karatu da ya gabatar a yau Talata, wanda aka watsa kai tsaye a shafinsa na Facebook , Sheikh Mansur Isa Yelwa ya ce ya dawo limancin masallacin bayan abubuwan da suka faru. Sheikh Mansur Yelwa ya fara tabo batun da ya shafi tsarin da jami'o'i ke amfani da shi, inda ya ce: Malamin ya ce a soshiyal midiya ne ya ga sanarwar an ba wata kungiyar dalibai 'yan Tijjaniya fili don su gina masallaci a jami''ar, a cewarsa wannan dalilin ne ya sa ya fito ya nuna adawarsa ta hanyar ajiye limancin, don gujewa fitinar da ita makarantar ba ta hango ba. Malamin ya ce da farko, ya tashi ne ranar Juma'a da zummar zai yi huduba game da wannan al'amari, sai dai a karshe ya yanke shawarar ya sanar da murabus dinsa daga limancin masallacin. Tinubu ya fadi minista 1 da ya fahimci nufin gwamnatinsa ga 'yan Najeriya Sheikh Mansur Yelwa ya ce duk da ba ya bibiyar soshiyal midiya sosai, amma ana ba shi rahoto kan maganganun da mutane suka yi, kuma ya fahimci da masu goyon bayansa da masu sukarsa, duk suna kaunarsa ne. Ya ce akwai wadanda suka nuna masa kuskurensa na ajiye limanci duk da sun ce yana kan daidai a batun bada filin, sannan akwai wadanda su ba su ga kuskurensa ta kowace fuska ba, saboda suna sonsa sosai. An sa mata sun yi tsirara da wasu sojoji suka kai samame ɗakunan ɗalibai a jami'ar UNIOSUN Tun bayan fadin cewa ya yi murabus, malamin ya ce ya samu kiraye kiraye daga manyan malamansa, iyayensa, abokansa, da majalisar Shura , don ganin an samu maslaha a kai. Yadda 'yan ta'adda suka hallaka 'yan Najeriya kusan 80,000 daga 2020 zuwa 2025 Tun da fari, mun ruwaito cewa , sabani ya bayyana tsakanin al'ummar Musulmi a jami'ar Abubakar Tafawa Balewa da ke jihar Bauchi kan mallakar masallaci. Farfesa Mansur Isa Yelwa da ya shafe shekaru yana limanci a masallacin jami'ar ya sanar da ajiye jagorantar masallacin makarantar. Sanannen malamin ya bayyana cewa ya dauki matakin ne domin kare makarantar da fadawa wani rikici da zai iya kawo rabuwar kan Musulmi. Sani Hamza                                    (Hausa Editor) Sani Hamza ma'aikaci ne da ya yake da gogewa a aikin jarida. Ba fassara labarai da wallafasu a yanar gizo kadai ba, Sani yana da kwarewa a aikin rediyo da talabijin. Ya kuma shafe shekaru 8 a masana'antar fina-finai da dab'i. Imel: sanihamzafuntua@gmail.com",not_about_candidate,1.0,0.02,mild,Bauchi,0.58,0.09,hausa,0.66,v3,jev-1.13.0,,,,,
legit_hausa-965c779365e6,"'Shiru Ya Kare,' Ibrahim Dahiru Bauchi kan Kafa Masallatan Tijjaniyya a Jami'o'i - Legit.ng. Legit.ng Hausa ta bude tasha a manhajar Whatsapp . Kasance tare da mu don samun rahotanni da dumi-dumi! Editan Legit Hausa Ibrahim Yusuf yana da gogewar aikin jarida da rubuce-rubucen adabi sama da shekaru hudu, kuma kwararre ne a kawo rahotannin kasuwanci, siyasa da lamuran yau da kullum. Jihar Bauchi - Jagoran Ɗarikar Tijjaniyya a Najeriya, Sheikh Ibrahim Dahiru Bauchi, ya yi kira ga hukumomin jami'o'i da gwamnatin tarayya da su ware filaye ga mabiya Ɗarikar Tijjaniyya domin gina masallatansu. Sheikh Ibrahim Dahiru Bauchi ya yi magan yana mai cewa hakan ne zai tabbatar da adalci da kuma ƙarfafa zaman lafiya a makarantun. Kano: 'Yan Tijjaniyya sun ajiye dan takarar Kwankwaso a gefe, sun bi Abba Albarka Radio ya wallafa bidoyon da ya ce Sheikh Ibrahim Dahiru Bauchi ya bayyana hakan ne yayin zikirin shekara-shekara da aka gudanar a birnin Lafiya na jihar Nasarawa a shafinsa na Facebook . Ibrahim Dahiru Bauchi ya ce mabiya ɗarikar sun daɗe suna haƙuri domin tabbatar da zaman lafiya, amma lokaci ya yi da za su nemi haƙƙinsu ta hanyar da ta dace. Shehin malamin ya ce a wasu lokuta ana korar mabiya Ɗarikar Tijjaniyya daga wuraren da suke gudanar da wazifa, ko kuma a dakatar da ayyukansu. Yayin da ya ke magana kan bukatar ware masu masallaci, Ibrahim Dahiru Bauchi ya bayyana cewa ba su yarda wanda ya ya akidarsu su ya jagorance ba ko a hada su da wasu a masallaci, ya ce: ""Ni ba ungulu ba ne:"" Ganduje ya yi martani ga zargin zai hade da Kwankwaso Ibrahim Dahiru BAuchi ya yi magana game da cewa ba domin suna son zaman lafiya ba da yanzu wani labarin ake a jami'o'in kasar nan , ya ce: Ya yi barazanar cewa za su sigar da kara kotu a rusa kungiyar MSSN idan har lamarin ya cigaba ba tare da an dauki mataki ba. A wani labarin, mun kawo muku cewa hukumar jami'ar Abubakar Tafawa Balewa ta sanar da cewa ta dakatar da ibada a dukkan masallatai bayan sallolin farilla. Izala ta fadi halin da Sheikh Jingir ke ciki bayan yada cewa ba shi da lafiya Kakakin jami'ar, Malam Zailani Bappah ya sanar da cewa sun dauki matakin ne domin ba kwamitin da aka kafa damar hada rahoto a mako biyu. Matakin rufe jami'ar ya faro ne bayan Sheikh Mansur Isa Yelwa ya ajiye limanci kan ba 'yan Tijjaniyya fili su gina masallaci, inda ya za a raba kan jama'a. Ibrahim Yusuf                                    (Hausa Editor) Ibrahim Yusuf yana da gogewar aikin jarida da rubuce-rubucen adabi sama da shekaru hudu, kuma kwararre ne a kawo rahotannin kasuwanci, siyasa da lamuran yau da kullum. ibrahim.yusuf@corp.legit.ng",not_about_candidate,0.99,0.02,mild,unclear,0.51,0.17,hausa,0.49,v3,jev-1.13.0,,,,,
legit_hausa-1f2dee9e1802,"Hadimin Gwamna kuma Tsohon Kwamishina a Bauchi Ya Riga Mu Gidan Gaskiya - Legit.ng. Legit.ng Hausa ta bude tasha a manhajar Whatsapp . Kasance tare da mu don samun rahotanni da dumi-dumi! Abdullahi Abubakar, Editan Legit Hausa ne ta bangaren siyasa, kasuwanci da al'amuran yau da kullum, ya na da gogewar aikin jarida sama da shekaru biyar . Bauchi - Gwamnan Bauchi, Bala Mohammed , ya bayyana matuƙar alhininsa kan rasuwar dattijo, masani a fannin ilimi kuma tsohon Kwamishinan Harkokin Addini. Marigayin Alhaji Yakubu Ibrahim Hamza ya rasu ne a Abuja bayan ya shafe lokaci yana fama da doguwar jinya, lamarin da ya jefa iyalansa da al'ummar Bauchi cikin jimami. Hakan na cikin wani saƙon ta'aziyya da ya fitar a ta bakin hadiminsa, Mukhtar Gidado wanda ya wallafa a Facebook . Abin tausayi: Ƴaƴan tsohon mataimakin gwamnan Bauchi sun rasu a hatsarin mota Sanarwar ta ce gwamnati da al'ummar Bauchi, gwamnan ya bayyana marigayin a matsayin bawan jama'a nagari mai gaskiya. Ya ce rayuwar Alhaji Yakubu Ibrahim Hamza ta kasance cike da riƙon amana, tawali'u, hidima ba tare da son kai ba da jajircewa wajen bunƙasa ilimi. Kafin rasuwarsa, marigayin ya kasance Mai Ba Gwamna Shawara kan Ilimi Mai Zurfi, inda ya yi amfani da gogewarsa wajen inganta harkokin ilimi. Gwamna Bala Mohammed ya ce hikima, ƙwarewa da jajircewar marigayin sun taimaka ƙwarai wajen ci gaban fannin ilimi a Bauchi. Ya ƙara da cewa marigayin ya ba da gagarumar gudunmawa wajen bunƙasa ilimi tun daga tsohuwar Bauchi har zuwa Bauchi ta yanzu. A cewarsa, irin gudunmawar da ya bayar za ta ci gaba da zama abin koyi ga al'ummomi da kuma masu tasowa nan gaba. Gwamnan ya kuma tuna irin hidimar da marigayin ya yi a muƙaman gwamnati daban-daban, musamman a matsayin Kwamishinan Harkokin Addini. Lokaci ya yi: Tsohon kwamishina a Gombe ya riga mu gidan gaskiya Ya ce daga baya marigayin ya ci gaba da hidima a matsayin Mai Ba Gwamna Shawara kan Ilimi Mai Zurfi cikin aminci da ƙwarewa. Gwamna Bala Mohammed ya ce shawarwari masu amfani da ilimin marigayin sun taimaka wajen tsara manufofi da shirye-shiryen gwamnati masu amfani ga jama'a. Ya ce:""Alhaji Yakubu Ibrahim Hamza ya kasance ɗan kishin ƙasa, ƙwararren masani a ilimi, mai renon matasa da kuma mai haɗa kan al'umma."" Ya ƙara da cewa gudunmawar da ya bayar wajen bunƙasa ilimi da kyawawan ɗabi'u za ta ci gaba da kasancewa abin tunawa har abada. Gwamnan ya bayyana cewa rasuwar marigayin babban rashi ne ga iyalansa, gwamnatin Bauchi, al'ummar jihar baki ɗaya da ma ƙasa gaba ɗaya. Ya yi addu'ar Allah Madaukakin Sarki Ya gafarta wa Alhaji Yakubu Ibrahim Hamza kura-kuransa, Ya sa Aljannatul Firdausi ce makomarsa. A wani labarin, an ji cewa tsohon mataimakin gwamnan Bauchi, Sanata Baba Tela, ya rasa 'ya'yansa biyu dalilin hatsarin mota. Majiyoyi sun tabbatar da cewa yaran sun mutu ne a mummunan hatsarin mota a hanyar Bauchi zuwa Azare a jihar. Gwamna Bala Mohammed ya jajanta wa Baba Tela, ya yi addu'ar Allah Ya gafarta wa mamatan tare da bai wa iyalansu juriyar wannan rashi. Abdullahi Abubakar                                    (Hausa editor) Marubuci kuma kwararren ɗan jarida ne da ya shafe shekaru 5 yana rubutu a fannin siyasa da harkokin yau da kullum. Ya kammala digirin farko a jami'ar Maiduguri. Ya samu horon aikin jarida a Reuters da AFP, ya sha halartar tarukan karawa juna sani game da bincike da adabi. Tuntube shi a abdullahi.abubakar@corp.legit.ng.",not_about_candidate,0.77,0.03,moderate,Katagum,0.4,0.15,hausa,0.65,v3,jev-1.13.0,,,,,
legit_hausa-117b35c0a0ff,"'Yan Daban Siyasa Sun Hallaka Malamin Islamiyya a Bauchi - Legit.ng. Legit.ng Hausa ta bude tasha a manhajar Whatsapp . Kasance tare da mu don samun rahotanni da dumi-dumi! ​​​​​​​​​​​​​​ Editan Legit Hausa Sharif Lawal yana da kwarewar shekaru wajen kawo rahotannin siyasa, al'amuran yau da kullum, tsegumi da nishadi Jihar Bauchi - Wadansu mutane da ake zargin 'yan yan daba ne na siyasa, sun hallaka wani malamin Islamiyya, Ustaz Ridwan (Rilwanu) Dauda, a jihar Bauchi . 'Yan daban sun hallaka mutumin mazaunin unguwar Karofin-Madaki, ta hanyar caka masa wuka har lahira a kusa da na'urar canjin wuta ta JEDCO da ke cikin kwaryar birnin Bauchi. Rahoton jaridar Tribune ya nuna cewa lamarin mai ban takaici ya faru ne a ranar Lahadi, 5 ga watan Yulin 2026 biyo bayan wata zafafan muhawara da aka yi da yan daban game da manna hoton wani dan siyasa a jikin ginin. ""Babu sulhu"": Gwamna Dauda ya fadi shirinsa kan kawo karshen 'yan bindiga Wani mazaunin yankin ya bayyana cewa marigayi Ridwan ya shaida wa mutumin cewa kada ya manna hoton a jikin bangon ginin nasu, amma mutumin ya ki, kuma ya nace a kan sai ya manna hoton. An kuma kara samun labarin cewa dan daban na siyasar ya kira abokinsa, wanda ya zo wurin kuma ya ci gaba da manna hoton, lamarin da ya yi sanadiyyar barkewar zazzafar muhawara a tsakaninsu. Mazaunin yankin ya ce a cikin wannan hali ne daya daga cikin yan daban ya zaro wata wuka mai kaifi ya daba wa marigayi Ridwan a kirji, sannan ya tsere. A cewarsa, mazauna yankin sun rugo da gudu, suka kwashe marigayi Ridwan, kuma suka nufi asibiti da shi da sauri, amma kafin su karasa a kan hanya, ya cika. Wani mazaunin yankin daban ya bayyana Ustaz Rilwanu a matsayin mutumin kirki, mai natsuwa, kuma malamin makarantar Islamiyya mai kyakkyawan asali, wanda yake da kwazo da himma wajen neman abin da zai kula da iyalinsa. Makiyaya sun cinnawa dakin kwanan dalibai dauke da mutum 80 wuta? Yan sanda sun yi bayani Hakazalika, wani mazaunin yankin daban, Bukhari Mu’azu Abubakar, ya yi kira ga hukumomin tsaro da abin ya shafa da su gudanar da bincike mai zurfi domin gano musabbabin faruwar lamarin mai ban takaici. A cikin wani rubutu da ya yi a shafinsa na Facebook , Bukhari Mu’azu Abubakar ya yi ta'aziyya ga iyalan marigayin bisa mutuwarsa. Ya kuma yi kira ga manya da shugabannin al'umma na yankin da su dauki matakan kariya domin kauce wa faruwar hakan a nan gaba. Ya nuna alhininsa cewa marigayi Malam Rilwanu Dauda ya bar mace guda da yara biyar, inda ya nemi a yi adalci ga iyalan sannan kuma a dauki matakan gaggawa na taimaka wa iyalan a kan yadda za su ci gaba da rayuwa. Har zuwa lokacin hada wannan rahoto, rundunar 'yan sandan jihar Bauchi ba ta tabbatar da faruwar lamarin ba, domin kuwa kakakinta, SP Nafiu Habib, bai amsa sakon da aka tura masa ta lambarsa ta WhatsApp ba game da wannan batu. A wani labarin kuma, kun ji cewa wani jami'in dan sanda ya rasa ransa sakamakon fadan 'yan daba a jihar Kano . Allahu Akhbar: Babban likita ya rasu mintuna 15 bayan ya zo duba marasa lafiya a Kano Jami'in dam sandan ya rasu ne lokacin wani fada da aka yi tsakanin ƙungiyoyin ’yan daba masu adawa da juna a Kano, saura watanni kaɗan ya yi ritaya. An kashe shi ne tare da wasu mutane huɗu a lokacin fadan da ya faru a yankin Hotoro da ke karamar hukumar Nasarawa . Sharif Lawal                                    (Hausa Editor) Sharif Lawal ma'aikacin jarida ne wanda ya samu gogewa a harkar aikin jarida. Ya yi digirinsa na farko a jami'ar Ahmadu Bello (ABU) da ke Zaria. Ya samu horo daga Reuters kan aikin jarida da tantance labarai. Za a iya tuntubarsa ta Sharif.lawal@corp.legit.ng",not_about_candidate,0.99,0.02,moderate,Ganjuwa,0.64,0.08,hausa,0.69,v3,jev-1.13.0,,,,,
legit_hausa-75eec1c0a04a,"APM Ta Ɗauko Batun Yadda Bola Tinubu Ya Kashe Kudin Tallafin Mai da Ya Cire a Najeriya - Legit.ng. Legit.ng Hausa ta bude tasha a manhajar Whatsapp . Kasance tare da mu don samun rahotanni da dumi-dumi! Ahmad Yusuf, kwararren edita ne a Legit Hausa da ya shafe tsawon shekaru yana kawo muku rahotannin siyasa, nishadi da al'amuran yau da kullum Abuja, Nigeria - Jam’iyyar APM ta bukaci gwamnatin Shugaba Bola Ahmed Tinubu da ta gaggauta fitar da cikakken bayani kan yadda aka yi da kudin tallafin mai da aka cire a Najeriya. APM ta bukaci gwamnatin ta fito ta yi wa yan Najeriya bayanai mai inganci da za a iya gamsuwa da shi kan yadda aka kashe tiriliyoyin Naira da aka samu bayan cire tallafin fetur tun daga watan Mayun 2023. Tinubu ya kwantar wa 'yan Najeriya hankali, ya yi alkawarin romon dimukradiyya Tashar Channels tv ta ruwaito cewa jam’iyyar ta bayyana hakan ne cikin wata sanarwa da sakataren yada labaranta na kasa, Abubakar Yusuf, ya fitar a ranar Alhamis da ta gabata. APM ta ce ta dauko wan nan batu ne sakamakon matsin tattalin arziki, tsadar rayuwa, tabarbarewar ababen more rayuwa da kuma gibin manyan ayyukan ci gaba da ake fuskanta a kasar nan. Ta ce duk da cewa gwamnati ta samu sama da Naira tiriliyan 20 bayan cire tallafin mai, amma har yanzun ana fama da matsalolin rayuwa a Najeriya. Jam’iyyar ta tunatar da cewa bayan Tinubu ya sanar a ranar 29 ga Mayu, 2023 cewa an cire tallafin mai, farashin litar fetur ya tashi daga kasa da N200 zuwa sama da N1,500. A cewarta, hakan ya haifar da karin kudin sufuri, kayan abinci, kudin makaranta, kula da lafiya, hayar gidaje, wutar lantarki da sauran bukatun yau da kullum. Sarkin Musulmi ya kausasa murya kan 'yan bindiga, ya ce a hada kai a yake su APM ta ce akwai rahotannin da ke nuna cewa an karkatar da yawancin kudaden da aka samu daga cire tallafin mai, yayin da jami'an gwamnati ke ci gaba da bayyana alkaluma da nasarorin da jam’iyyar ta kira marasa tushe. Ta ce ikirarin gwamnati cewa ana zuba kudaden cikin muhimman bangarori ba tare da gabatar da cikakkun alkaluma da ayyukan da aka aiwatar ba, ba abin karba ba ne. A karshe, APM ta bukaci gwamnatin Tinubu ta wallafa cikakken rahoto da zai bayyana jimillar kudaden da aka samu daga cire tallafin mai, yadda aka kashe su, wadanda suka amfana da kuma sakamakon da aka samu. Ma'aikatar bogi: Kujerun manyan jami'an Tinubu na rawa, ana kira a kore su A wani rahoton, kun ji cewa gwamnatin Najeriya ta yi magana kan kiran da 'yan kasa da masana ke yi na neman dawo da tallafin mai bayan tashin farashin litar fetur. Gwamnatin ta jaddada cewa ba za ta dawo da tallafin man fetur ba, duk da karin farashin mai a kasuwannin duniya. Ta ce sauye-sauyen da Shugaba Bola Ahmed Tinubu ya fara tun a 2023, ciki har da cire tallafin mai sun kasance muhimman matakai da suka samu goyon bayan cibiyoyin kudi na duniya. Ahmad Yusuf                                    (Hausa editor) Ahmad Yusuf ma'aikacin jaridar Legit.ng sashin Hausa ya fara aiki a 2021, ya kware wajen kawo labarai da rahotanni da suka shafi siyasa da al'amuran yau da kullum. 
Matashin ɗan jaridar ya koyi Lissafi a digirinsa na farko a Jami'ar Kimiyya da Fasaha da ke Wudil, Kano (KUST) ya kuma samu shaidar kwarewa a fannin aikin jaridar zamani daga Reuters a 2022. Kafin fara aiki da Legit Ahmad ya yi aiki da jaridu da dama na turanci da Hausa tun 2012. 
Mail: ahmad.yusuf@corp.legit.ng 07032379262",not_about_candidate,0.39,0.86,moderate,unclear,1.0,0.13,hausa,0.7,v3,jev-1.13.0,,,,,
legit_hausa-b55baa1ee477,"Yadda 'Yan Bangar Siyasa Suka Hallaka Wani Fitaccen Malamin Islamiyya a Bauchi - Legit.ng. Legit.ng Hausa ta bude tasha a manhajar Whatsapp . Kasance tare da mu don samun rahotanni da dumi-dumi! Sani Hamza ƙwararren edita ne a fannin nishaɗi, al'amuran yau da kullum, da kuma siyasa, wanda ke da shekaru sama da biyar a aikin jarida. Bauchi - Mazauna unguwar Karofin Madaki da ke cikin birnin Bauchi sun shiga jimami bayan kashe fitaccen malamin Islamiyya , Malam Rilwanu Dauda. Rahotanni sun bayyana cewa ana zargin wasu ƴan daba masu alaƙa da siyasa ne suka hallaka fitaccen malamin. Jaridar Tribune ta ruwaito cewa an kashe Malam Rilwanu mai shekaru 42 a ranar Lahadi, bayan wata hatsaniya da ta samo asali kan liƙa fastocin siyasa a kusa da gidansu. Bene ya ruguzo a Kano, an samu asarar rai da raunata wasu mutane An ce marigayin ya samu rauni mai tsanani bayan da aka caka masa wuƙa a ciki, lamarin da ya yi sanadin rasuwarsa kafin ya isa Asibitin Kwararru na Jihar Bauchi. Rahotanni sun nuna cewa rikicin ya fara ne da misalin ƙarfe 10:00 na safe, lokacin da marigayin ya nemi wasu matasa da ake zargi ƴan daba ne su cire fastocin siyasa da suka liƙa a wani allo da ke kusa da gidan iyalansu. Sai dai matasan sun ƙi cire fastocin, lamarin da ya rikide zuwa faɗa. Ɗan'uwan mamacin, Hamza Dauda, ya ce ƙarami daga cikin waɗanda ake zargin ya baga wa marigayin sanda, yayin da babban ya buga masa wuƙa a kai, abin da ya sa ya faɗi ƙasa. Ya ce bayan mutane sun shiga tsakani aka tarwatsa su, ɗaya daga cikin matasan ya koma gidansu, ya ɗauko wuƙa sannan ya dawo ya caka wa Malam Rilwanu ita a ciki kafin ya gudu. Hamza ya ce mutanen da ke wurin ne suka garzaya da shi asibiti, amma an tabbatar da rasuwarsa kafin ya iya samun dauki daga likitoci. Ana sayar da Kiristocin Arewa a matsayin bayi a Najeriya? An ji gaskiyar zance Jaridar Daily Trust ta rahoto ta rahoto Hamza ya bayyana cewa marigayin mutum ne mai son zaman lafiya wanda ba ya faɗa da kowa. Ya roƙi gwamnati da rundunar 'yan sanda su gaggauta kamo waɗanda ake zargi tare da gurfanar da su a kotu . A cewarsa, iyalan mamacin na son a tabbatar an yi adalci saboda an kashe ɗan uwansu ba tare da wani laifi ba. Har zuwa lokacin da aka ziyarci gidan mamacin, jama'a na ci gaba da tururuwar zuwa yin ta'aziyya, kwanaki huɗu bayan aukuwar lamarin. Wasu mazauna yankin sun bayyana marigayin a matsayin mutum mai mutunci, tausayi da karamci. A wani labari, mun ruwaito cewa , wasu mutane sun kashe wata mata da aka ce malamar Islamiyya ce tare da kona gawarta a Maraban Jos a jihar Kaduna . An bayyana cewa da farko ta shiga ofishin 'yan sanda amma tarin mutane suka mamaye shi, suka fitar da ita, suka kashe ta kan zargi maras tushe. Biyo bayan lamarin, rundunar 'yan sandan Kaduna ta ce ta kama wasu mutane inda ta ce za a hukunta wanda aka samu da laifi ba sani ba sabo. Sani Hamza                                    (Hausa Editor) Sani Hamza ma'aikaci ne da ya yake da gogewa a aikin jarida. Ba fassara labarai da wallafasu a yanar gizo kadai ba, Sani yana da kwarewa a aikin rediyo da talabijin. Ya kuma shafe shekaru 8 a masana'antar fina-finai da dab'i. Imel: sanihamzafuntua@gmail.com",not_about_candidate,1.0,0.03,moderate,Ganjuwa,0.78,0.07,hausa,0.76,v3,jev-1.13.0,,,,,
legit_hausa-f0b55150b9f3,"""Tinubu Zai Sha Kaye,"" An Yi Hasashen Gwamnan da Zai Lashe Zaben Shugaban Kasa a 2027 - Legit.ng. Legit.ng Hausa ta bude tasha a manhajar Whatsapp . Kasance tare da mu don samun rahotanni da dumi-dumi! Ahmad Yusuf, kwararren edita ne a Legit Hausa da ya shafe tsawon shekaru yana kawo muku rahotannin siyasa, nishadi da al'amuran yau da kullum Abuja, Nigeria - Jam'iyyar APM ta bayyana kwarin gwiwar cewa ɗan takararta na shugaban ƙasa, gwamnan jihar Oyo, Seyi Makinde , zai yi nasara a zaɓen 2027. Jam'iyyar ta ce tana ganin Makinde ya samu karɓuwa a wurin 'yan Najeriya a matsayin wanda zai gaji shugaban ƙasa, Bola Ahmed Tinubu . Rahoton Leadership ya ce APM ta sanar da cewa ta yi nasarar shigar bayanan Makinde da sauran 'yan takararta na zaɓen 2027 a shafin Hukumar Zaɓe Mai Zaman Kanta ta Ƙasa (INEC). Ana neman rusa takarar Atiku, INEC ta yi magana kan sunayen 'yan takara na tsagin ADC Da yake zantawa da manema labarai a Abuja ranar Litinin, sakataren yaɗa labarai APM na kasa, Abubakar Yusuf, ya ce an yi nasarar tura bayanan ɗan takarar shugaban ƙasa, mataimakinsa, da kuma 'yan takarar Sanata da na Majalisar Wakilai. Ya ce APM ta kuduri aniyar lashe zaɓen shugaban ƙasa da sauran zaɓuka, tare da ƙara faɗaɗa yaɗuwarta a matakin ƙasa da tabbatar da cewa 'yan takararta sun samu karɓuwa. A cewarsa, APM na ci gaba da samun sababbin mambobi da magoya baya saboda ganin gwamnan jihar Oyo , Seyi Makinde, da gwamnan jihar Bauchi, Bala Mohammed , sun shiga cikinta. ADC ta bukaci INEC ta binciki tsagin Nafi'u Bala kan zargin takardun bogi A cewarsa, 'yan takarar APM mutane ne masu nagarta, gaskiya da kuma kyakkyawan tarihi a fannoni daban-daban, waɗanda za su iya samar da shugabanci na gari, cewar rahoton Gurdian. Abubakar Yusuf ya ce matsalolin tsadar rayuwa, rashin tsaro, rashin aikin yi da durƙushewar tattalin arziki sun nuna cewa Najeriya na buƙatar sabon shugabanci. A wani rahoton, kun ji cewa jam’iyyar APC reshen Oyo ta bukaci Gwamna Seyi Makinde ya yi murabus daga mukaminsa idan har yana ganin ba shi da ikon kare rayuka. APC ta duki wannan mataki ne biyo bayan kalaman da Makinde ya yi yayin jawabin karɓar takarar shugaban ƙasa ta jam’iyyar APM a Ibadan . APC ta yi watsi da ikirarin Makinde cewa yana fuskantar ƙalubale wajen magance matsalar tsaro saboda dukkan tsarin tsaro yana ƙarƙashin ikon gwamnatin tarayya. Ahmad Yusuf                                    (Hausa editor) Ahmad Yusuf ma'aikacin jaridar Legit.ng sashin Hausa ya fara aiki a 2021, ya kware wajen kawo labarai da rahotanni da suka shafi siyasa da al'amuran yau da kullum. 
Matashin ɗan jaridar ya koyi Lissafi a digirinsa na farko a Jami'ar Kimiyya da Fasaha da ke Wudil, Kano (KUST) ya kuma samu shaidar kwarewa a fannin aikin jaridar zamani daga Reuters a 2022. Kafin fara aiki da Legit Ahmad ya yi aiki da jaridu da dama na turanci da Hausa tun 2012. 
Mail: ahmad.yusuf@corp.legit.ng 07032379262",not_about_candidate,0.17,0.96,calm,unclear,0.94,0.13,hausa,0.46,v3,jev-1.13.0,,,,,
legit_hausa-a83fc7cdeed4,"Bauchi: Tsohon Kwamishina Ya Zama Mataimakin Dan Takarar Gwamna a APC - Legit.ng. Legit.ng Hausa ta bude tasha a manhajar Whatsapp . Kasance tare da mu don samun rahotanni da dumi-dumi! Editan Legit Hausa Ibrahim Yusuf yana da gogewar aikin jarida da rubuce-rubucen adabi sama da shekaru hudu, kuma kwararre ne a kawo rahotannin kasuwanci, siyasa da lamuran yau da kullum. Jihar Bauchi - Ɗan takarar gwamna a ƙarƙashin jam'iyar APC a jihar Bauchi, Muhammad Abdullahi Abubakar, ya zaɓi mataimaki. Ya zabi tsohon kwamishinan ayyuka na musamman da raya karkara, Farouk Mustapha, a matsayin abokin takararsa a zaben 2027. Daily Trust ta wallafa cewa sakataren tsare-tsare na jihar na jam'iyar APC, Sallah Kafi, ne ya bayyana wannan labari ga manema labarai. Gwamna Kefas ya ajiye mataimakinsa, ya zabi mace a matsayin abokiyar takara a 2027 Sakataren APC ya yi magana yana mai cewa shugabancin jam'iyar tare da ɗan takarar sun riga sun kai sunan Mustapha da takardunsa zuwa ga Hukumar Zabe Mai Zaman Kanta ta Ƙasa, wato INEC, da ke birnin Abuja . Daily Post ta wallafa cewa Mustapha ya kasance daga cikin kwamishimonin da suka yi murabus a gwamnatin Bauchi da Bala Mohammed ke jagoranta. A baya, gwamnan jihar Bauchi, Bala Mohammed, ya ba da umarnin cewa duk waɗanda aka naɗa a siyasance kuma suna son tsayawa takara su bar mukamansu kafin ko a ranar 24 ga Afrilu 2027. Bayan Mustapha ya bar ofis, ya kuma sanar da masu goyon bayansa da abokan siyasarsa da su yi haƙuri, yana alkawarin cewa zai sanar da su da zarar ya yanke shawara game da ƙungiyar siyasa da zai ci gaba da tafiya da ita. Akwai matsala: Mataimakin shugaban APC da wasu manyan ƙusoshi sun fice daga jam'iyyar Haka kuma, Mustapha ya yi murabus daga jam'iyyar APM , kafin ya shiga cikin tsarin zaɓe a ƙarƙashin APC mai adawa a jihar Bauchi. Yanzu da aka gabatar da sunansa ga INEC , Farouk Mustapha ya zama ɗan takarar da zai yi wa Muhammad Abdullahi Abubakar mataimaki yayin neman zaɓen gwamnan jihar Bauchi a 2027, a ƙarƙashin jam'iyar APC. Wannan mataki ya zo ne a lokacin da jam'iyun siyasa ke shirye-shirye sosai don babban zaben 2027 wanda ake sa ran zai dauki hankali jihar Bauchi. A wani labarin, mun kawo muku cewa mutanen tsohon ministan harkokin wajen Najeriya Yusuf Maitama Tuggar sun yi korafi kan zaben fitar da gwanin APC. A wani taron manema labarai da suka yi, sun jaddada cewa jam'iyyar APC ba ta yi sahihin zaben fitar da gwani da za a iya dogara da shi wajen fitar da 'yan takara ba. A kan haka suka bukaci uwar jam'iyyar ta sake nazari kan zabar tsohon gwamnan Bauchi, Muhammad Abubakar a matsayin dan takararta na zaben 2027 a jihar. Ibrahim Yusuf                                    (Hausa Editor) Ibrahim Yusuf yana da gogewar aikin jarida da rubuce-rubucen adabi sama da shekaru hudu, kuma kwararre ne a kawo rahotannin kasuwanci, siyasa da lamuran yau da kullum. ibrahim.yusuf@corp.legit.ng",neutral,0.42,0.91,calm,unclear,0.69,0.32,hausa,0.61,v3,jev-1.13.0,,,,,
legit_hausa-6f70e24ef2fd,"Gwamnatin Bauchi Ta Kayyade N1,500 a Matsayin Sadaki? An Ji Gaskiyar Zance - Legit.ng. Legit.ng Hausa ta bude tasha a manhajar Whatsapp . Kasance tare da mu don samun rahotanni da dumi-dumi! ​​​​​​​​​​​​​​Editan Legit Hausa Sharif Lawal yana da kwarewar shekaru wajen kawo rahotannin siyasa, al'amuran yau da kullum, tsegumi da nishadi Jihar Bauchi - Gwamnatin Jihar Bauchi ta karyata wani labari da ke yawo a kafafen sada zumunta na cewa Gwamna Bala Mohammed ya amince da tsayayyen sadakin Naira 1,500 ga matan da aka saki. Gwamnatin ta bayyana rahoton a matsayin ƙarya, mai yaudarar jama'a da kuma wani yunkuri na ganganci na yaɗa bayanan da ba su dace ba. ""Ina da hujja"": Al Mustapha ya yi magana kan batun rasuwar Janar Abacha Kwamishinan Harkokin Addini da Sauya Dabi'un Al'umma, Muhammad Binni, ne ya bayyana hakan yayin da yake yi wa manema labatai jawabi a Bauchi ranar Lahadi, 26 ga watan Yulin 2026, cewar rahoton The Punch. Binni ya ce bidiyon da ke yawo a Facebook da TikTok ya kuma yi ƙaryar cewa sarkin gargajiya na Zar (Gum Zar) ya umarci mazauna yankin su bi wannan sabon tsarin da aka danganta ga gwamnatin jihar. Ya bayyana zargin a matsayin “ƙarya ce tsagwaronta, marar tushe kuma kirkirarra”, jatidar Leadership ta kawo labarin. Kwamishinan ya ce gwamnatin Jihar Bauchi ba ta taɓa fitar da wata doka ko umarni da ya shafi sadakin matan da aka saki ko matan da ba su yi aure ba. Tsaro: Tsohon daraktan DSS ta dura kan Pantami, ya faɗi illar naɗa shi minista Ya bukaci mazauna jihar da su yi watsi da bidiyon tare da guje wa yaɗa bayanan da ba a tantance ba, waɗanda ka iya jawo tashin hankali da rikice-rikice ba tare da dalili ba. Kwamishinan ya ƙara da cewa Gwamna Bala Mohammed ya ci gaba da mutunta akidun addini, dabi'un al'adu da kuma al'adun mutanen Jihar Bauchi tun bayan da ya hau mulki. Binni ya kuma yi kira ga jama'a da su tabbatar da sahihancin bayanai kafin su yaɗa su a kafafen sada zumunta. Wani dan Bauchi, Mukhtar Aliyu Yelwan Kagadama da muka tattauna da shi, ya ce ko da suka ga labarin sun yi mamaki, yana mai cewa: Ba adalci: Kanawa sun yi martani da Gwamna ya raba filaye, N100m ga yan dangwale Wata bazawara da muka tattauna da ita kan yadda suka ji wannan labari, Lantana Basiru Anguwan Ngass, ta ce sun yi mamaki sosai. A wani labarin kuma, kun ji cewa Gwamnan Bala Mohammed na jihar Bauchi ya amince da yin ƙaramin garambawul a majalisar zartarwar jihar. Gwamna Bala ya sauke kwamishinoni biyu daga mukamansu, sannan ya amince da murabus na wani kwamishina. Sharif Lawal                                    (Hausa Editor) Sharif Lawal ma'aikacin jarida ne wanda ya samu gogewa a harkar aikin jarida. Ya yi digirinsa na farko a jami'ar Ahmadu Bello (ABU) da ke Zaria. Ya samu horo daga Reuters kan aikin jarida da tantance labarai. Za a iya tuntubarsa ta Sharif.lawal@corp.legit.ng",not_about_candidate,1.0,0.02,mild,Bauchi,0.77,0.14,hausa,0.74,v3,jev-1.13.0,,,,,
legit_hausa-f025a9908416,"Gwamna Bala Ya Kayyade Sadakin Zawarawa zuwa N1,500 a Bauchi? Gaskiya Ta Fito - Legit.ng. Legit.ng Hausa ta bude tasha a manhajar Whatsapp . Kasance tare da mu don samun rahotanni da dumi-dumi! Sani Hamza ƙwararren edita ne a fannin nishaɗi, al'amuran yau da kullum, da kuma siyasa, wanda ke da shekaru sama da takwas a aikin jarida Bauchi – Gwamnatin jihar Bauchi ta karyata wani rahoto da ke yawo a kafafen sada zumunta wanda ke ikirarin cewa Gwamna Bala Mohammed ya amince da sanya sadakin N1,500 ga matan da aka saki. Kwamishinan Harkokin Addini da Wayar da Kan Al'umma, Muhammad Binni, ya bayyana hakan yayin da yake zantawa da manema labarai a Bauchi ranar Lahadi, inda ya ce rahoton ƙarya ne kuma an ƙirƙire shi ne domin yaudarar jama'a. Gwamnatin Bauchi ta kayyade N1,500 a matsayin sadaki? An ji gaskiyar zance Binni ya ce bidiyon da ke yawo a Facebook da TikTok ya kuma yi ikirarin cewa Sarkin Zar (Gum Zar) ya umarci al'umma su bi wannan manufar da ake zargin gwamnati ta fito da ita, in ji rahoton Punch. Sai dai ya bayyana zargin a matsayin ƙarya tsagwaronta, mara tushe kuma ƙagagge. Kwamishinan ya roƙi mazauna jihar da su yi watsi da bidiyon tare da kauce wa yaɗa bayanan da ba a tabbatar da ingancinsu ba, yana mai cewa hakan na iya haddasa ruɗani da tayar da hankalin jama'a. Ya kuma jaddada cewa tun bayan hawansa mulki, Gwamna Bala Mohammed yana mutunta addini, al'adu da kuma dabi'un al'ummar Bauchi, kuma gwamnati ba za ta taɓa aiwatar da manufofin da suka saɓa wa waɗannan ƙimomi ba. Ba adalci: Kanawa sun yi martani da Gwamna ya raba filaye, N100m ga yan dangwale Muhammad  Binni ya buƙaci jama'a su rika tantance sahihancin duk wani bayani kafin su wallafa ko su tura shi ga wasu. A cewarsa, yaɗa ƙarya na iya kawo cikas ga zaman lafiya, haɗin kan al'umma da kuma mutuncin jihar Bauchi. Rahotanni sun nuna cewa wani mai amfani da kafafen sada zumunta mai suna Boroh James Hussaini ne ya yi iƙirarin cewa za a sanya sadakin N3,000 ga budurwar da ta taɓa haihuwa ba tare da aure ba, sannan ya ce za a aurar da mata marasa aure da suka daɗe ba tare da haihuwa ba ga direbobi ba tare da an biya sadaki ba, zargin da gwamnatin Bauchi ta ce ba shi da gaskiya. A wani labari, mun ruwaito cewa , gwamnan Bauchi, Sanata Bala Abdulkadir ya amince da nadin hadima da zata taimaka masa wajen gudanar da harkokin zawarawa na jihar. Izala ta yi bayani kan karyar da aka yi wa Kabiru Gombe game da Tinubu Wannan shine karo na farko da aka taba bayar da irin wannan mukami a tarihin siyasar jihar Bauchi. Gwamnan jihar ya amince da nada Balara Ibrahim, wacce ta fito daga karamar hukumar Ganjuwam bisa ga cancantarta da kuma goyon bayan da ta ke yiwa gwamnatin. Sani Hamza                                    (Hausa Editor) Sani Hamza ma'aikaci ne da ya yake da gogewa a aikin jarida. Ba fassara labarai da wallafasu a yanar gizo kadai ba, Sani yana da kwarewa a aikin rediyo da talabijin. Ya kuma shafe shekaru 8 a masana'antar fina-finai da dab'i. Imel: sanihamzafuntua@gmail.com",not_about_candidate,1.0,0.02,mild,Ganjuwa,0.63,0.25,hausa,0.6,v3,jev-1.13.0,,,,,
