raw_id,sentiment_label,sentiment_confidence,mentions_candidate_probability,intensity_score,lga_relevance_label,lga_confidence,opposition_signal_probability,routing_decision,schema_version,model
PILOT-0001,negative,1.0,0.95,strong,Alkaleri,1.0,0.93,auto,v1,jev-1.13.0
PILOT-0002,negative,0.99,0.99,strong,Alkaleri,1.0,0.49,auto,v1,jev-1.13.0
PILOT-0003,positive,1.0,0.99,strong,Alkaleri,1.0,0.35,auto,v1,jev-1.13.0
PILOT-0004,positive,1.0,0.99,strong,Alkaleri,1.0,0.54,auto,v1,jev-1.13.0
PILOT-0005,positive,0.99,0.95,mild,Alkaleri,1.0,0.24,auto,v1,jev-1.13.0
PILOT-0006,positive,1.0,0.98,moderate,Alkaleri,1.0,0.3,auto,v1,jev-1.13.0
PILOT-0007,neutral,0.99,0.86,calm,Alkaleri,1.0,0.15,auto,v1,jev-1.13.0
PILOT-0008,not_about_candidate,0.99,0.03,mild,Alkaleri,1.0,0.08,auto,v1,jev-1.13.0
PILOT-0009,negative,0.99,0.98,strong,Alkaleri,1.0,0.53,auto,v1,jev-1.13.0
PILOT-0010,positive,0.98,0.93,mild,Alkaleri,1.0,0.31,auto,v1,jev-1.13.0
PILOT-0011,negative,0.98,0.93,strong,Alkaleri,1.0,0.58,auto,v1,jev-1.13.0
PILOT-0012,positive,1.0,0.98,moderate,Alkaleri,1.0,0.29,auto,v1,jev-1.13.0
PILOT-0013,negative,0.98,0.92,strong,Alkaleri,1.0,0.62,auto,v1,jev-1.13.0
PILOT-0014,positive,0.99,0.93,mild,Alkaleri,1.0,0.27,auto,v1,jev-1.13.0
PILOT-0015,not_about_candidate,1.0,0.02,mild,Alkaleri,1.0,0.07,auto,v1,jev-1.13.0
PILOT-0016,negative,0.99,0.95,strong,Alkaleri,1.0,0.93,auto,v1,jev-1.13.0
PILOT-0017,negative,0.95,0.93,strong,Alkaleri,1.0,0.93,auto,v1,jev-1.13.0
PILOT-0018,negative,0.95,0.93,moderate,Alkaleri,1.0,0.93,auto,v1,jev-1.13.0
PILOT-0019,neutral,0.87,0.94,calm,Alkaleri,1.0,0.17,auto,v1,jev-1.13.0
PILOT-0020,neutral,0.89,0.93,calm,Alkaleri,1.0,0.18,auto,v1,jev-1.13.0
PILOT-0021,positive,0.99,0.95,mild,Alkaleri,1.0,0.25,auto,v1,jev-1.13.0
PILOT-0022,positive,0.99,0.95,mild,Alkaleri,1.0,0.35,auto,v1,jev-1.13.0
PILOT-0023,not_about_candidate,0.99,0.03,mild,Alkaleri,1.0,0.17,auto,v1,jev-1.13.0
PILOT-0024,negative,0.99,0.98,strong,Alkaleri,1.0,0.52,auto,v1,jev-1.13.0
PILOT-0025,neutral,0.99,0.84,calm,Alkaleri,1.0,0.15,auto,v1,jev-1.13.0
PILOT-0026,not_about_candidate,0.99,0.02,calm,Bauchi,0.99,0.07,auto,v1,jev-1.13.0
PILOT-0027,negative,0.97,0.93,moderate,Bauchi,0.99,0.93,auto,v1,jev-1.13.0
PILOT-0028,negative,0.99,0.98,strong,Bauchi,1.0,0.62,auto,v1,jev-1.13.0
PILOT-0029,not_about_candidate,1.0,0.02,mild,Bauchi,0.99,0.12,auto,v1,jev-1.13.0
PILOT-0030,negative,0.99,0.98,strong,Bauchi,1.0,0.52,auto,v1,jev-1.13.0
PILOT-0031,negative,0.92,0.96,moderate,Bauchi,0.99,0.91,auto,v1,jev-1.13.0
PILOT-0032,positive,1.0,0.98,moderate,Bauchi,0.98,0.32,auto,v1,jev-1.13.0
PILOT-0033,neutral,0.93,0.93,calm,Bauchi,0.99,0.15,auto,v1,jev-1.13.0
PILOT-0034,neutral,1.0,0.88,calm,Bauchi,1.0,0.13,auto,v1,jev-1.13.0
PILOT-0035,negative,0.99,0.96,strong,Bauchi,0.99,0.92,auto,v1,jev-1.13.0
PILOT-0036,positive,1.0,0.99,strong,Bauchi,0.98,0.28,auto,v1,jev-1.13.0
PILOT-0037,neutral,0.92,0.92,calm,Bauchi,1.0,0.17,auto,v1,jev-1.13.0
PILOT-0038,positive,1.0,0.99,strong,Bauchi,1.0,0.44,auto,v1,jev-1.13.0
PILOT-0039,negative,0.98,0.94,strong,Bauchi,1.0,0.56,auto,v1,jev-1.13.0
PILOT-0040,negative,0.72,0.93,strong,Bauchi,1.0,0.5,human_review,v1,jev-1.13.0
PILOT-0041,positive,1.0,0.96,mild,Bauchi,0.99,0.3,auto,v1,jev-1.13.0
PILOT-0042,not_about_candidate,0.98,0.03,mild,Bauchi,1.0,0.08,auto,v1,jev-1.13.0
PILOT-0043,positive,1.0,0.98,moderate,Bauchi,0.99,0.25,auto,v1,jev-1.13.0
PILOT-0044,positive,0.96,0.91,mild,Bauchi,1.0,0.3,auto,v1,jev-1.13.0
PILOT-0045,positive,0.99,0.95,mild,Bauchi,1.0,0.4,auto,v1,jev-1.13.0
PILOT-0046,neutral,1.0,0.88,calm,Bauchi,1.0,0.12,auto,v1,jev-1.13.0
PILOT-0047,positive,0.98,0.91,mild,Bauchi,0.98,0.29,auto,v1,jev-1.13.0
PILOT-0048,negative,0.97,0.94,moderate,Bauchi,1.0,0.93,auto,v1,jev-1.13.0
PILOT-0049,neutral,1.0,0.83,calm,Bauchi,1.0,0.13,auto,v1,jev-1.13.0
PILOT-0050,negative,0.97,0.93,moderate,Bauchi,1.0,0.92,auto,v1,jev-1.13.0
PILOT-0051,neutral,0.83,0.92,calm,Bogoro,1.0,0.14,auto,v1,jev-1.13.0
PILOT-0052,positive,0.97,0.88,mild,Bogoro,1.0,0.2,auto,v1,jev-1.13.0
PILOT-0053,negative,0.95,0.92,strong,Bogoro,1.0,0.54,auto,v1,jev-1.13.0
PILOT-0054,not_about_candidate,1.0,0.02,mild,Bogoro,1.0,0.05,auto,v1,jev-1.13.0
PILOT-0055,negative,0.99,0.96,strong,Bogoro,1.0,0.93,auto,v1,jev-1.13.0
PILOT-0056,negative,0.99,0.99,strong,Bogoro,1.0,0.58,auto,v1,jev-1.13.0
PILOT-0057,negative,0.99,0.96,strong,Bogoro,1.0,0.87,auto,v1,jev-1.13.0
PILOT-0058,positive,0.99,0.9,mild,Bogoro,1.0,0.22,auto,v1,jev-1.13.0
PILOT-0059,positive,0.97,0.95,mild,Bogoro,1.0,0.23,auto,v1,jev-1.13.0
PILOT-0060,neutral,0.89,0.92,calm,Bogoro,1.0,0.15,auto,v1,jev-1.13.0
PILOT-0061,positive,1.0,0.99,strong,Bogoro,1.0,0.2,auto,v1,jev-1.13.0
PILOT-0062,negative,0.91,0.94,strong,Bogoro,1.0,0.52,auto,v1,jev-1.13.0
PILOT-0063,positive,0.98,0.94,mild,Bogoro,1.0,0.2,auto,v1,jev-1.13.0
PILOT-0064,positive,1.0,0.98,moderate,Bogoro,1.0,0.3,auto,v1,jev-1.13.0
PILOT-0065,not_about_candidate,1.0,0.02,mild,Bogoro,1.0,0.07,auto,v1,jev-1.13.0
PILOT-0066,neutral,0.99,0.85,calm,Bogoro,1.0,0.11,auto,v1,jev-1.13.0
PILOT-0067,not_about_candidate,0.99,0.02,mild,Bogoro,1.0,0.07,auto,v1,jev-1.13.0
PILOT-0068,positive,1.0,0.99,strong,Bogoro,1.0,0.21,auto,v1,jev-1.13.0
PILOT-0069,negative,0.92,0.91,moderate,Bogoro,1.0,0.93,auto,v1,jev-1.13.0
PILOT-0070,negative,0.92,0.9,strong,Bogoro,1.0,0.93,auto,v1,jev-1.13.0
PILOT-0071,positive,1.0,0.98,moderate,Bogoro,1.0,0.28,auto,v1,jev-1.13.0
PILOT-0072,negative,0.99,0.95,moderate,Bogoro,1.0,0.95,auto,v1,jev-1.13.0
PILOT-0073,negative,0.96,0.98,strong,Bogoro,1.0,0.56,auto,v1,jev-1.13.0
PILOT-0074,neutral,0.99,0.84,calm,Bogoro,1.0,0.11,auto,v1,jev-1.13.0
PILOT-0075,not_about_candidate,0.99,0.02,mild,Bogoro,1.0,0.07,auto,v1,jev-1.13.0
PILOT-0076,neutral,1.0,0.88,calm,Dambam,1.0,0.14,auto,v1,jev-1.13.0
PILOT-0077,negative,0.97,0.98,strong,Dambam,1.0,0.57,auto,v1,jev-1.13.0
PILOT-0078,positive,0.99,0.95,mild,Dambam,1.0,0.24,auto,v1,jev-1.13.0
PILOT-0079,positive,1.0,0.99,strong,Dambam,1.0,0.34,auto,v1,jev-1.13.0
PILOT-0080,not_about_candidate,0.99,0.02,mild,Dambam,1.0,0.06,auto,v1,jev-1.13.0
PILOT-0081,negative,0.96,0.91,moderate,Dambam,1.0,0.92,auto,v1,jev-1.13.0
PILOT-0082,negative,0.99,0.95,moderate,Dambam,1.0,0.94,auto,v1,jev-1.13.0
PILOT-0083,negative,0.99,0.95,strong,Dambam,1.0,0.91,auto,v1,jev-1.13.0
PILOT-0084,negative,0.97,0.92,strong,Dambam,1.0,0.61,auto,v1,jev-1.13.0
PILOT-0085,negative,0.99,0.96,strong,Dambam,1.0,0.94,auto,v1,jev-1.13.0
PILOT-0086,positive,1.0,0.94,mild,Dambam,1.0,0.21,auto,v1,jev-1.13.0
PILOT-0087,positive,1.0,0.98,moderate,Dambam,1.0,0.23,auto,v1,jev-1.13.0
PILOT-0088,positive,0.99,0.94,mild,Dambam,1.0,0.26,auto,v1,jev-1.13.0
PILOT-0089,positive,0.94,0.91,mild,Dambam,1.0,0.24,auto,v1,jev-1.13.0
PILOT-0090,neutral,0.87,0.92,calm,Dambam,1.0,0.15,auto,v1,jev-1.13.0
PILOT-0091,negative,0.99,0.98,strong,Dambam,1.0,0.51,auto,v1,jev-1.13.0
PILOT-0092,negative,0.97,0.92,moderate,Dambam,1.0,0.94,auto,v1,jev-1.13.0
PILOT-0093,neutral,0.99,0.86,calm,Dambam,1.0,0.16,auto,v1,jev-1.13.0
PILOT-0094,neutral,0.89,0.94,calm,Dambam,1.0,0.15,auto,v1,jev-1.13.0
PILOT-0095,positive,0.99,0.91,mild,Dambam,1.0,0.25,auto,v1,jev-1.13.0
PILOT-0096,not_about_candidate,0.99,0.03,mild,Dambam,1.0,0.09,auto,v1,jev-1.13.0
PILOT-0097,not_about_candidate,1.0,0.02,mild,Dambam,1.0,0.09,auto,v1,jev-1.13.0
PILOT-0098,negative,0.98,0.93,strong,Dambam,1.0,0.6,auto,v1,jev-1.13.0
PILOT-0099,positive,1.0,0.98,moderate,Dambam,1.0,0.29,auto,v1,jev-1.13.0
PILOT-0100,positive,1.0,0.99,strong,Dambam,1.0,0.27,auto,v1,jev-1.13.0
PILOT-0101,neutral,1.0,0.86,calm,Darazo,1.0,0.13,auto,v1,jev-1.13.0
PILOT-0102,neutral,0.89,0.94,calm,Darazo,0.99,0.13,auto,v1,jev-1.13.0
PILOT-0103,neutral,0.91,0.93,calm,Darazo,0.99,0.15,auto,v1,jev-1.13.0
PILOT-0104,positive,1.0,0.99,strong,Darazo,1.0,0.22,auto,v1,jev-1.13.0
PILOT-0105,neutral,1.0,0.84,calm,Darazo,0.99,0.13,auto,v1,jev-1.13.0
PILOT-0106,positive,1.0,0.99,strong,Darazo,1.0,0.51,auto,v1,jev-1.13.0
PILOT-0107,positive,0.99,0.89,mild,Darazo,0.99,0.26,auto,v1,jev-1.13.0
PILOT-0108,negative,0.83,0.93,strong,Darazo,1.0,0.43,auto,v1,jev-1.13.0
PILOT-0109,positive,0.99,0.95,mild,Darazo,1.0,0.18,auto,v1,jev-1.13.0
PILOT-0110,not_about_candidate,1.0,0.02,mild,Darazo,1.0,0.08,auto,v1,jev-1.13.0
PILOT-0111,positive,0.95,0.88,mild,Darazo,0.99,0.23,auto,v1,jev-1.13.0
PILOT-0112,negative,0.99,0.96,strong,Darazo,1.0,0.92,auto,v1,jev-1.13.0
PILOT-0113,positive,1.0,0.98,moderate,Darazo,1.0,0.27,auto,v1,jev-1.13.0
PILOT-0114,positive,1.0,0.98,moderate,Darazo,0.99,0.34,auto,v1,jev-1.13.0
PILOT-0115,positive,0.99,0.95,mild,Darazo,1.0,0.25,auto,v1,jev-1.13.0
PILOT-0116,not_about_candidate,0.99,0.02,calm,Darazo,0.99,0.05,auto,v1,jev-1.13.0
PILOT-0117,negative,0.99,0.98,strong,Darazo,0.99,0.54,auto,v1,jev-1.13.0
PILOT-0118,negative,0.97,0.92,strong,Darazo,1.0,0.54,auto,v1,jev-1.13.0
PILOT-0119,not_about_candidate,0.99,0.02,mild,Darazo,0.97,0.08,auto,v1,jev-1.13.0
PILOT-0120,negative,0.98,0.92,strong,Darazo,1.0,0.48,auto,v1,jev-1.13.0
PILOT-0121,negative,0.95,0.91,strong,Darazo,0.99,0.92,auto,v1,jev-1.13.0
PILOT-0122,negative,0.91,0.9,strong,Darazo,1.0,0.93,auto,v1,jev-1.13.0
PILOT-0123,negative,0.99,0.96,strong,Darazo,1.0,0.92,auto,v1,jev-1.13.0
PILOT-0124,negative,0.99,0.98,strong,Darazo,1.0,0.52,auto,v1,jev-1.13.0
PILOT-0125,positive,1.0,0.98,moderate,Darazo,1.0,0.27,auto,v1,jev-1.13.0
PILOT-0126,positive,0.99,0.94,mild,Dass,1.0,0.16,auto,v1,jev-1.13.0
PILOT-0127,not_about_candidate,0.99,0.03,mild,Dass,1.0,0.08,auto,v1,jev-1.13.0
PILOT-0128,negative,0.95,0.99,strong,Dass,1.0,0.52,auto,v1,jev-1.13.0
PILOT-0129,neutral,0.99,0.85,calm,Dass,1.0,0.14,auto,v1,jev-1.13.0
PILOT-0130,negative,0.99,0.96,strong,Dass,1.0,0.93,auto,v1,jev-1.13.0
PILOT-0131,negative,0.99,0.96,strong,Dass,1.0,0.92,auto,v1,jev-1.13.0
PILOT-0132,positive,1.0,0.99,strong,Dass,1.0,0.52,auto,v1,jev-1.13.0
PILOT-0133,negative,0.99,0.93,strong,Dass,1.0,0.63,auto,v1,jev-1.13.0
PILOT-0134,positive,1.0,0.98,moderate,Dass,1.0,0.27,auto,v1,jev-1.13.0
PILOT-0135,neutral,0.87,0.92,calm,Dass,1.0,0.13,auto,v1,jev-1.13.0
PILOT-0136,negative,0.99,0.92,strong,Dass,1.0,0.61,auto,v1,jev-1.13.0
PILOT-0137,neutral,1.0,0.87,calm,Dass,1.0,0.12,auto,v1,jev-1.13.0
PILOT-0138,positive,0.99,0.92,mild,Dass,1.0,0.26,auto,v1,jev-1.13.0
PILOT-0139,neutral,0.87,0.95,calm,Dass,1.0,0.14,auto,v1,jev-1.13.0
PILOT-0140,negative,0.93,0.9,strong,Dass,1.0,0.92,auto,v1,jev-1.13.0
PILOT-0141,positive,0.99,0.95,mild,Dass,1.0,0.16,auto,v1,jev-1.13.0
PILOT-0142,positive,1.0,0.98,moderate,Dass,1.0,0.4,auto,v1,jev-1.13.0
PILOT-0143,not_about_candidate,1.0,0.02,calm,Dass,1.0,0.06,auto,v1,jev-1.13.0
PILOT-0144,not_about_candidate,1.0,0.02,mild,Dass,1.0,0.09,auto,v1,jev-1.13.0
PILOT-0145,negative,0.99,0.98,strong,Dass,1.0,0.57,auto,v1,jev-1.13.0
PILOT-0146,negative,0.89,0.84,strong,Dass,1.0,0.9,auto,v1,jev-1.13.0
PILOT-0147,positive,0.85,0.92,mild,Dass,1.0,0.22,auto,v1,jev-1.13.0
PILOT-0148,positive,1.0,0.99,strong,Dass,1.0,0.6,auto,v1,jev-1.13.0
PILOT-0149,positive,1.0,0.98,mild,Dass,1.0,0.34,auto,v1,jev-1.13.0
PILOT-0150,negative,0.98,0.99,strong,Dass,1.0,0.55,auto,v1,jev-1.13.0
PILOT-0151,positive,0.99,0.95,mild,Gamawa,1.0,0.19,auto,v1,jev-1.13.0
PILOT-0152,negative,0.99,0.96,strong,Gamawa,1.0,0.91,auto,v1,jev-1.13.0
PILOT-0153,neutral,1.0,0.84,calm,Gamawa,1.0,0.12,auto,v1,jev-1.13.0
PILOT-0154,negative,0.97,0.98,strong,Gamawa,1.0,0.53,auto,v1,jev-1.13.0
PILOT-0155,neutral,0.89,0.92,calm,Gamawa,1.0,0.15,auto,v1,jev-1.13.0
PILOT-0156,negative,0.95,0.91,strong,Gamawa,1.0,0.94,auto,v1,jev-1.13.0
PILOT-0157,neutral,0.88,0.94,calm,Gamawa,1.0,0.17,auto,v1,jev-1.13.0
PILOT-0158,positive,1.0,0.99,strong,Gamawa,1.0,0.31,auto,v1,jev-1.13.0
PILOT-0159,negative,0.99,0.99,strong,Gamawa,1.0,0.54,auto,v1,jev-1.13.0
PILOT-0160,not_about_candidate,1.0,0.02,mild,Gamawa,1.0,0.09,auto,v1,jev-1.13.0
PILOT-0161,positive,0.99,0.92,mild,Gamawa,1.0,0.19,auto,v1,jev-1.13.0
PILOT-0162,negative,0.99,0.95,strong,Gamawa,1.0,0.9,auto,v1,jev-1.13.0
PILOT-0163,not_about_candidate,0.99,0.02,mild,Gamawa,1.0,0.07,auto,v1,jev-1.13.0
PILOT-0164,positive,1.0,0.99,strong,Gamawa,1.0,0.31,auto,v1,jev-1.13.0
PILOT-0165,positive,1.0,0.98,moderate,Gamawa,1.0,0.25,auto,v1,jev-1.13.0
PILOT-0166,not_about_candidate,0.99,0.02,mild,Gamawa,1.0,0.07,auto,v1,jev-1.13.0
PILOT-0167,negative,0.91,0.92,moderate,Gamawa,1.0,0.92,auto,v1,jev-1.13.0
PILOT-0168,positive,0.83,0.93,mild,Gamawa,1.0,0.22,auto,v1,jev-1.13.0
PILOT-0169,negative,0.82,0.94,strong,Gamawa,1.0,0.53,auto,v1,jev-1.13.0
PILOT-0170,neutral,0.85,0.9,calm,Gamawa,1.0,0.15,auto,v1,jev-1.13.0
PILOT-0171,negative,0.79,0.93,strong,Gamawa,1.0,0.46,human_review,v1,jev-1.13.0
PILOT-0172,neutral,1.0,0.85,calm,Gamawa,1.0,0.14,auto,v1,jev-1.13.0
PILOT-0173,positive,0.93,0.89,mild,Gamawa,1.0,0.22,auto,v1,jev-1.13.0
PILOT-0174,positive,1.0,0.98,moderate,Gamawa,1.0,0.24,auto,v1,jev-1.13.0
PILOT-0175,positive,0.99,0.95,mild,Gamawa,1.0,0.18,auto,v1,jev-1.13.0
PILOT-0176,positive,0.99,0.95,mild,Ganjuwa,1.0,0.24,auto,v1,jev-1.13.0
PILOT-0177,not_about_candidate,0.99,0.02,calm,Ganjuwa,1.0,0.06,auto,v1,jev-1.13.0
PILOT-0178,positive,0.97,0.91,mild,Ganjuwa,1.0,0.25,auto,v1,jev-1.13.0
PILOT-0179,negative,0.99,0.98,strong,Ganjuwa,1.0,0.52,auto,v1,jev-1.13.0
PILOT-0180,positive,1.0,0.98,moderate,Ganjuwa,1.0,0.26,auto,v1,jev-1.13.0
PILOT-0181,neutral,0.99,0.88,calm,Ganjuwa,1.0,0.15,auto,v1,jev-1.13.0
PILOT-0182,negative,0.95,0.92,moderate,Ganjuwa,1.0,0.92,auto,v1,jev-1.13.0
PILOT-0183,negative,0.99,0.96,strong,Ganjuwa,1.0,0.92,auto,v1,jev-1.13.0
PILOT-0184,positive,1.0,0.98,moderate,Ganjuwa,1.0,0.29,auto,v1,jev-1.13.0
PILOT-0185,positive,0.94,0.9,mild,Ganjuwa,1.0,0.25,auto,v1,jev-1.13.0
PILOT-0186,positive,0.99,0.95,mild,Ganjuwa,1.0,0.2,auto,v1,jev-1.13.0
PILOT-0187,neutral,0.9,0.93,calm,Ganjuwa,1.0,0.16,auto,v1,jev-1.13.0
PILOT-0188,neutral,0.99,0.84,calm,Ganjuwa,1.0,0.15,auto,v1,jev-1.13.0
PILOT-0189,negative,0.99,0.99,strong,Ganjuwa,1.0,0.53,auto,v1,jev-1.13.0
PILOT-0190,positive,1.0,0.99,strong,Ganjuwa,1.0,0.23,auto,v1,jev-1.13.0
PILOT-0191,neutral,0.87,0.94,calm,Ganjuwa,1.0,0.17,auto,v1,jev-1.13.0
PILOT-0192,negative,0.99,0.93,strong,Ganjuwa,1.0,0.62,auto,v1,jev-1.13.0
PILOT-0193,negative,0.96,0.92,moderate,Ganjuwa,1.0,0.92,auto,v1,jev-1.13.0
PILOT-0194,neutral,0.76,0.93,calm,Ganjuwa,1.0,0.14,human_review,v1,jev-1.13.0
PILOT-0195,not_about_candidate,1.0,0.02,mild,Ganjuwa,1.0,0.09,auto,v1,jev-1.13.0
PILOT-0196,negative,0.99,0.96,strong,Ganjuwa,1.0,0.93,auto,v1,jev-1.13.0
PILOT-0197,not_about_candidate,0.99,0.02,mild,Ganjuwa,1.0,0.08,auto,v1,jev-1.13.0
PILOT-0198,negative,0.98,0.92,strong,Ganjuwa,1.0,0.59,auto,v1,jev-1.13.0
PILOT-0199,positive,1.0,0.99,strong,Ganjuwa,1.0,0.2,auto,v1,jev-1.13.0
PILOT-0200,negative,0.99,0.99,strong,Ganjuwa,1.0,0.57,auto,v1,jev-1.13.0
PILOT-0201,positive,0.99,0.92,mild,Giade,1.0,0.19,auto,v1,jev-1.13.0
PILOT-0202,positive,0.89,0.92,mild,Giade,1.0,0.21,auto,v1,jev-1.13.0
PILOT-0203,negative,0.99,0.95,moderate,Giade,1.0,0.95,auto,v1,jev-1.13.0
PILOT-0204,neutral,0.99,0.82,calm,Giade,1.0,0.13,auto,v1,jev-1.13.0
PILOT-0205,positive,0.99,0.94,mild,Giade,1.0,0.2,auto,v1,jev-1.13.0
PILOT-0206,negative,1.0,0.98,strong,Giade,1.0,0.61,auto,v1,jev-1.13.0
PILOT-0207,positive,1.0,0.99,strong,Giade,1.0,0.41,auto,v1,jev-1.13.0
PILOT-0208,negative,0.98,0.92,strong,Giade,1.0,0.55,auto,v1,jev-1.13.0
PILOT-0209,positive,1.0,0.98,moderate,Giade,1.0,0.37,auto,v1,jev-1.13.0
PILOT-0210,not_about_candidate,0.99,0.02,mild,Giade,1.0,0.06,auto,v1,jev-1.13.0
PILOT-0211,neutral,0.88,0.93,calm,Giade,1.0,0.17,auto,v1,jev-1.13.0
PILOT-0212,negative,0.99,0.96,strong,Giade,1.0,0.91,auto,v1,jev-1.13.0
PILOT-0213,negative,0.97,0.98,strong,Giade,1.0,0.48,auto,v1,jev-1.13.0
PILOT-0214,neutral,0.99,0.86,calm,Giade,1.0,0.14,auto,v1,jev-1.13.0
PILOT-0215,positive,1.0,0.99,strong,Giade,1.0,0.57,auto,v1,jev-1.13.0
PILOT-0216,not_about_candidate,0.99,0.02,mild,Giade,1.0,0.08,auto,v1,jev-1.13.0
PILOT-0217,positive,1.0,0.98,moderate,Giade,1.0,0.28,auto,v1,jev-1.13.0
PILOT-0218,negative,0.98,0.92,strong,Giade,1.0,0.46,auto,v1,jev-1.13.0
PILOT-0219,negative,0.92,0.91,moderate,Giade,1.0,0.93,auto,v1,jev-1.13.0
PILOT-0220,negative,0.88,0.85,strong,Giade,1.0,0.9,auto,v1,jev-1.13.0
PILOT-0221,positive,1.0,0.99,strong,Giade,1.0,0.46,auto,v1,jev-1.13.0
PILOT-0222,neutral,0.83,0.93,calm,Giade,1.0,0.14,auto,v1,jev-1.13.0
PILOT-0223,positive,0.97,0.9,mild,Giade,1.0,0.25,auto,v1,jev-1.13.0
PILOT-0224,not_about_candidate,0.99,0.02,mild,Giade,1.0,0.16,auto,v1,jev-1.13.0
PILOT-0225,negative,0.99,0.95,strong,Giade,1.0,0.92,auto,v1,jev-1.13.0
PILOT-0226,not_about_candidate,0.99,0.03,calm,Itas-Gadau,1.0,0.08,auto,v1,jev-1.13.0
PILOT-0227,negative,1.0,0.98,strong,Itas-Gadau,1.0,0.52,auto,v1,jev-1.13.0
PILOT-0228,positive,0.99,0.92,mild,Itas-Gadau,1.0,0.27,auto,v1,jev-1.13.0
PILOT-0229,positive,1.0,0.98,moderate,Itas-Gadau,1.0,0.24,auto,v1,jev-1.13.0
PILOT-0230,neutral,0.9,0.93,calm,Itas-Gadau,1.0,0.17,auto,v1,jev-1.13.0
PILOT-0231,positive,0.99,0.93,mild,Itas-Gadau,1.0,0.23,auto,v1,jev-1.13.0
PILOT-0232,negative,0.99,0.93,strong,Itas-Gadau,1.0,0.53,auto,v1,jev-1.13.0
PILOT-0233,positive,1.0,0.99,strong,Itas-Gadau,1.0,0.48,auto,v1,jev-1.13.0
PILOT-0234,negative,0.99,0.93,strong,Itas-Gadau,1.0,0.51,auto,v1,jev-1.13.0
PILOT-0235,negative,0.99,0.96,moderate,Itas-Gadau,1.0,0.94,auto,v1,jev-1.13.0
PILOT-0236,not_about_candidate,1.0,0.02,mild,Itas-Gadau,1.0,0.09,auto,v1,jev-1.13.0
PILOT-0237,not_about_candidate,1.0,0.02,calm,Itas-Gadau,1.0,0.06,auto,v1,jev-1.13.0
PILOT-0238,positive,0.99,0.95,mild,Itas-Gadau,1.0,0.21,auto,v1,jev-1.13.0
PILOT-0239,positive,1.0,0.99,strong,Itas-Gadau,1.0,0.32,auto,v1,jev-1.13.0
PILOT-0240,negative,0.99,0.98,strong,Itas-Gadau,1.0,0.54,auto,v1,jev-1.13.0
PILOT-0241,negative,0.99,0.96,strong,Itas-Gadau,1.0,0.93,auto,v1,jev-1.13.0
PILOT-0242,negative,0.93,0.92,strong,Itas-Gadau,1.0,0.93,auto,v1,jev-1.13.0
PILOT-0243,neutral,1.0,0.87,calm,Itas-Gadau,1.0,0.15,auto,v1,jev-1.13.0
PILOT-0244,not_about_candidate,0.99,0.03,mild,Itas-Gadau,1.0,0.08,auto,v1,jev-1.13.0
PILOT-0245,neutral,0.83,0.92,calm,Itas-Gadau,1.0,0.17,auto,v1,jev-1.13.0
PILOT-0246,neutral,1.0,0.87,calm,Itas-Gadau,1.0,0.13,auto,v1,jev-1.13.0
PILOT-0247,negative,0.91,0.91,strong,Itas-Gadau,1.0,0.93,auto,v1,jev-1.13.0
PILOT-0248,negative,1.0,0.98,strong,Itas-Gadau,1.0,0.54,auto,v1,jev-1.13.0
PILOT-0249,positive,1.0,0.98,moderate,Itas-Gadau,1.0,0.26,auto,v1,jev-1.13.0
PILOT-0250,positive,0.99,0.96,mild,Itas-Gadau,1.0,0.22,auto,v1,jev-1.13.0
PILOT-0251,not_about_candidate,1.0,0.02,mild,Jamaare,1.0,0.05,auto,v1,jev-1.13.0
PILOT-0252,positive,1.0,0.98,moderate,Jamaare,1.0,0.25,auto,v1,jev-1.13.0
PILOT-0253,neutral,1.0,0.87,calm,Jamaare,1.0,0.13,auto,v1,jev-1.13.0
PILOT-0254,positive,0.99,0.95,mild,Jamaare,1.0,0.18,auto,v1,jev-1.13.0
PILOT-0255,positive,0.99,0.95,mild,Jamaare,1.0,0.18,auto,v1,jev-1.13.0
PILOT-0256,negative,1.0,0.95,strong,Jamaare,1.0,0.93,auto,v1,jev-1.13.0
PILOT-0257,negative,0.92,0.93,strong,Jamaare,1.0,0.94,auto,v1,jev-1.13.0
PILOT-0258,negative,0.97,0.9,strong,Jamaare,1.0,0.62,auto,v1,jev-1.13.0
PILOT-0259,negative,0.98,0.98,strong,Jamaare,1.0,0.58,auto,v1,jev-1.13.0
PILOT-0260,positive,0.98,0.92,mild,Jamaare,1.0,0.25,auto,v1,jev-1.13.0
PILOT-0261,positive,0.99,0.92,mild,Jamaare,1.0,0.26,auto,v1,jev-1.13.0
PILOT-0262,positive,1.0,0.99,strong,Jamaare,1.0,0.22,auto,v1,jev-1.13.0
PILOT-0263,not_about_candidate,0.99,0.02,mild,Jamaare,1.0,0.08,auto,v1,jev-1.13.0
PILOT-0264,neutral,0.75,0.92,calm,Jamaare,1.0,0.15,human_review,v1,jev-1.13.0
PILOT-0265,negative,0.99,0.94,strong,Jamaare,1.0,0.92,auto,v1,jev-1.13.0
PILOT-0266,positive,1.0,0.98,mild,Jamaare,1.0,0.42,auto,v1,jev-1.13.0
PILOT-0267,negative,0.99,0.99,strong,Jamaare,1.0,0.54,auto,v1,jev-1.13.0
PILOT-0268,negative,0.97,0.92,strong,Jamaare,1.0,0.55,auto,v1,jev-1.13.0
PILOT-0269,negative,0.95,0.92,moderate,Jamaare,1.0,0.92,auto,v1,jev-1.13.0
PILOT-0270,positive,1.0,0.99,strong,Jamaare,1.0,0.5,auto,v1,jev-1.13.0
PILOT-0271,neutral,1.0,0.88,calm,Jamaare,1.0,0.12,auto,v1,jev-1.13.0
PILOT-0272,neutral,0.93,0.92,calm,Jamaare,1.0,0.18,auto,v1,jev-1.13.0
PILOT-0273,negative,0.96,0.91,moderate,Jamaare,1.0,0.92,auto,v1,jev-1.13.0
PILOT-0274,not_about_candidate,1.0,0.02,mild,Jamaare,1.0,0.1,auto,v1,jev-1.13.0
PILOT-0275,not_about_candidate,1.0,0.02,calm,Jamaare,1.0,0.05,auto,v1,jev-1.13.0
PILOT-0276,neutral,0.9,0.93,calm,Katagum,1.0,0.17,auto,v1,jev-1.13.0
PILOT-0277,negative,0.99,0.98,strong,Katagum,1.0,0.56,auto,v1,jev-1.13.0
PILOT-0278,neutral,1.0,0.86,calm,Katagum,1.0,0.14,auto,v1,jev-1.13.0
PILOT-0279,positive,1.0,0.99,strong,Katagum,1.0,0.31,auto,v1,jev-1.13.0
PILOT-0280,not_about_candidate,0.99,0.02,mild,Katagum,1.0,0.08,auto,v1,jev-1.13.0
PILOT-0281,neutral,1.0,0.86,calm,Katagum,1.0,0.13,auto,v1,jev-1.13.0
PILOT-0282,positive,1.0,0.99,strong,Katagum,1.0,0.32,auto,v1,jev-1.13.0
PILOT-0283,negative,0.99,0.95,strong,Katagum,1.0,0.93,auto,v1,jev-1.13.0
PILOT-0284,negative,0.81,0.95,strong,Katagum,1.0,0.52,auto,v1,jev-1.13.0
PILOT-0285,negative,0.95,0.93,moderate,Katagum,1.0,0.93,auto,v1,jev-1.13.0
PILOT-0286,positive,0.99,0.95,mild,Katagum,1.0,0.21,auto,v1,jev-1.13.0
PILOT-0287,not_about_candidate,1.0,0.02,mild,Katagum,1.0,0.11,auto,v1,jev-1.13.0
PILOT-0288,negative,1.0,0.96,strong,Katagum,1.0,0.94,auto,v1,jev-1.13.0
PILOT-0289,negative,0.99,0.95,strong,Katagum,1.0,0.63,auto,v1,jev-1.13.0
PILOT-0290,not_about_candidate,0.99,0.02,mild,Katagum,1.0,0.08,auto,v1,jev-1.13.0
PILOT-0291,positive,1.0,0.98,moderate,Katagum,1.0,0.26,auto,v1,jev-1.13.0
PILOT-0292,positive,1.0,0.98,moderate,Katagum,1.0,0.33,auto,v1,jev-1.13.0
PILOT-0293,negative,0.95,0.93,moderate,Katagum,1.0,0.92,auto,v1,jev-1.13.0
PILOT-0294,negative,0.99,0.99,strong,Katagum,1.0,0.53,auto,v1,jev-1.13.0
PILOT-0295,positive,0.97,0.92,mild,Katagum,1.0,0.29,auto,v1,jev-1.13.0
PILOT-0296,positive,0.99,0.94,mild,Katagum,1.0,0.22,auto,v1,jev-1.13.0
PILOT-0297,positive,0.99,0.92,mild,Katagum,1.0,0.25,auto,v1,jev-1.13.0
PILOT-0298,neutral,0.88,0.93,calm,Katagum,1.0,0.16,auto,v1,jev-1.13.0
PILOT-0299,neutral,0.99,0.86,calm,Katagum,1.0,0.15,auto,v1,jev-1.13.0
PILOT-0300,not_about_candidate,1.0,0.02,mild,Katagum,1.0,0.05,auto,v1,jev-1.13.0
PILOT-0301,negative,0.93,0.92,strong,Kirfi,1.0,0.93,auto,v1,jev-1.13.0
PILOT-0302,positive,0.94,0.9,mild,Kirfi,1.0,0.23,auto,v1,jev-1.13.0
PILOT-0303,not_about_candidate,0.99,0.02,mild,Kirfi,1.0,0.08,auto,v1,jev-1.13.0
PILOT-0304,positive,1.0,0.99,moderate,Kirfi,1.0,0.33,auto,v1,jev-1.13.0
PILOT-0305,negative,0.99,0.95,moderate,Kirfi,1.0,0.94,auto,v1,jev-1.13.0
PILOT-0306,negative,0.99,0.92,strong,Kirfi,1.0,0.53,auto,v1,jev-1.13.0
PILOT-0307,negative,0.98,0.92,strong,Kirfi,1.0,0.56,auto,v1,jev-1.13.0
PILOT-0308,neutral,1.0,0.87,calm,Kirfi,1.0,0.14,auto,v1,jev-1.13.0
PILOT-0309,positive,1.0,0.98,moderate,Kirfi,1.0,0.33,auto,v1,jev-1.13.0
PILOT-0310,negative,0.98,0.98,strong,Kirfi,1.0,0.53,auto,v1,jev-1.13.0
PILOT-0311,not_about_candidate,0.99,0.02,mild,Kirfi,1.0,0.08,auto,v1,jev-1.13.0
PILOT-0312,neutral,0.93,0.94,calm,Kirfi,1.0,0.16,auto,v1,jev-1.13.0
PILOT-0313,negative,0.93,0.92,moderate,Kirfi,1.0,0.93,auto,v1,jev-1.13.0
PILOT-0314,negative,0.99,0.94,strong,Kirfi,1.0,0.64,auto,v1,jev-1.13.0
PILOT-0315,positive,0.99,0.94,mild,Kirfi,1.0,0.25,auto,v1,jev-1.13.0
PILOT-0316,positive,0.94,0.93,mild,Kirfi,1.0,0.25,auto,v1,jev-1.13.0
PILOT-0317,positive,1.0,0.99,strong,Kirfi,1.0,0.53,auto,v1,jev-1.13.0
PILOT-0318,positive,0.99,0.93,mild,Kirfi,1.0,0.27,auto,v1,jev-1.13.0
PILOT-0319,negative,0.99,0.95,moderate,Kirfi,1.0,0.95,auto,v1,jev-1.13.0
PILOT-0320,not_about_candidate,1.0,0.02,mild,Kirfi,1.0,0.1,auto,v1,jev-1.13.0
PILOT-0321,neutral,1.0,0.87,calm,Kirfi,1.0,0.15,auto,v1,jev-1.13.0
PILOT-0322,negative,0.99,0.99,strong,Kirfi,1.0,0.56,auto,v1,jev-1.13.0
PILOT-0323,positive,1.0,0.98,moderate,Kirfi,1.0,0.34,auto,v1,jev-1.13.0
PILOT-0324,neutral,0.92,0.93,calm,Kirfi,1.0,0.17,auto,v1,jev-1.13.0
PILOT-0325,positive,1.0,0.99,strong,Kirfi,1.0,0.51,auto,v1,jev-1.13.0
PILOT-0326,not_about_candidate,1.0,0.02,calm,Misau,1.0,0.06,auto,v1,jev-1.13.0
PILOT-0327,positive,0.99,0.95,mild,Misau,1.0,0.24,auto,v1,jev-1.13.0
PILOT-0328,not_about_candidate,1.0,0.02,calm,Misau,1.0,0.08,auto,v1,jev-1.13.0
PILOT-0329,negative,0.96,0.98,strong,Misau,1.0,0.58,auto,v1,jev-1.13.0
PILOT-0330,negative,0.79,0.94,strong,Misau,1.0,0.47,human_review,v1,jev-1.13.0
PILOT-0331,negative,0.99,0.96,strong,Misau,1.0,0.95,auto,v1,jev-1.13.0
PILOT-0332,positive,1.0,0.99,strong,Misau,1.0,0.34,auto,v1,jev-1.13.0
PILOT-0333,not_about_candidate,0.99,0.03,mild,Misau,1.0,0.08,auto,v1,jev-1.13.0
PILOT-0334,positive,0.99,0.94,mild,Misau,1.0,0.27,auto,v1,jev-1.13.0
PILOT-0335,negative,0.99,0.93,strong,Misau,1.0,0.58,auto,v1,jev-1.13.0
PILOT-0336,positive,1.0,0.98,moderate,Misau,1.0,0.27,auto,v1,jev-1.13.0
PILOT-0337,negative,0.96,0.91,moderate,Misau,1.0,0.93,auto,v1,jev-1.13.0
PILOT-0338,neutral,0.88,0.94,calm,Misau,1.0,0.14,auto,v1,jev-1.13.0
PILOT-0339,positive,0.86,0.91,mild,Misau,1.0,0.23,auto,v1,jev-1.13.0
PILOT-0340,positive,0.99,0.95,mild,Misau,1.0,0.24,auto,v1,jev-1.13.0
PILOT-0341,positive,1.0,0.98,moderate,Misau,1.0,0.26,auto,v1,jev-1.13.0
PILOT-0342,neutral,0.99,0.86,calm,Misau,1.0,0.13,auto,v1,jev-1.13.0
PILOT-0343,negative,0.99,0.98,strong,Misau,1.0,0.55,auto,v1,jev-1.13.0
PILOT-0344,positive,0.85,0.92,mild,Misau,1.0,0.24,auto,v1,jev-1.13.0
PILOT-0345,negative,0.94,0.92,moderate,Misau,1.0,0.92,auto,v1,jev-1.13.0
PILOT-0346,negative,1.0,0.95,moderate,Misau,1.0,0.92,auto,v1,jev-1.13.0
PILOT-0347,positive,1.0,0.99,strong,Misau,1.0,0.43,auto,v1,jev-1.13.0
PILOT-0348,neutral,0.91,0.95,calm,Misau,1.0,0.14,auto,v1,jev-1.13.0
PILOT-0349,negative,0.98,0.92,strong,Misau,1.0,0.57,auto,v1,jev-1.13.0
PILOT-0350,neutral,0.99,0.84,calm,Misau,1.0,0.13,auto,v1,jev-1.13.0
PILOT-0351,negative,0.89,0.9,strong,Ningi,1.0,0.92,auto,v1,jev-1.13.0
PILOT-0352,positive,1.0,0.99,strong,Ningi,1.0,0.45,auto,v1,jev-1.13.0
PILOT-0353,positive,1.0,0.95,mild,Ningi,1.0,0.22,auto,v1,jev-1.13.0
PILOT-0354,neutral,0.99,0.86,calm,Ningi,1.0,0.13,auto,v1,jev-1.13.0
PILOT-0355,negative,0.99,0.96,strong,Ningi,1.0,0.91,auto,v1,jev-1.13.0
PILOT-0356,not_about_candidate,1.0,0.02,mild,Ningi,1.0,0.07,auto,v1,jev-1.13.0
PILOT-0357,positive,1.0,0.98,moderate,Ningi,1.0,0.26,auto,v1,jev-1.13.0
PILOT-0358,negative,0.98,0.99,strong,Ningi,1.0,0.46,auto,v1,jev-1.13.0
PILOT-0359,positive,1.0,0.98,moderate,Ningi,1.0,0.41,auto,v1,jev-1.13.0
PILOT-0360,neutral,0.99,0.82,calm,Ningi,1.0,0.14,auto,v1,jev-1.13.0
PILOT-0361,negative,1.0,0.95,strong,Ningi,1.0,0.91,auto,v1,jev-1.13.0
PILOT-0362,neutral,0.87,0.92,calm,Ningi,1.0,0.14,auto,v1,jev-1.13.0
PILOT-0363,positive,0.99,0.95,mild,Ningi,1.0,0.21,auto,v1,jev-1.13.0
PILOT-0364,positive,1.0,0.99,strong,Ningi,1.0,0.42,auto,v1,jev-1.13.0
PILOT-0365,not_about_candidate,1.0,0.02,mild,Ningi,1.0,0.07,auto,v1,jev-1.13.0
PILOT-0366,negative,0.79,0.95,strong,Ningi,1.0,0.6,human_review,v1,jev-1.13.0
PILOT-0367,negative,0.97,0.93,strong,Ningi,1.0,0.57,auto,v1,jev-1.13.0
PILOT-0368,negative,0.98,0.98,strong,Ningi,1.0,0.52,auto,v1,jev-1.13.0
PILOT-0369,positive,0.97,0.92,mild,Ningi,1.0,0.28,auto,v1,jev-1.13.0
PILOT-0370,neutral,0.91,0.93,calm,Ningi,1.0,0.16,auto,v1,jev-1.13.0
PILOT-0371,positive,0.95,0.94,mild,Ningi,1.0,0.26,auto,v1,jev-1.13.0
PILOT-0372,positive,1.0,0.99,mild,Ningi,1.0,0.34,auto,v1,jev-1.13.0
PILOT-0373,positive,1.0,0.99,strong,Ningi,1.0,0.3,auto,v1,jev-1.13.0
PILOT-0374,negative,0.94,0.92,strong,Ningi,1.0,0.93,auto,v1,jev-1.13.0
PILOT-0375,not_about_candidate,1.0,0.02,mild,Ningi,1.0,0.08,auto,v1,jev-1.13.0
PILOT-0376,positive,1.0,0.99,strong,Shira,0.99,0.57,auto,v1,jev-1.13.0
PILOT-0377,not_about_candidate,1.0,0.02,mild,Shira,1.0,0.07,auto,v1,jev-1.13.0
PILOT-0378,negative,0.97,0.9,strong,Shira,1.0,0.5,auto,v1,jev-1.13.0
PILOT-0379,negative,0.89,0.9,moderate,Shira,0.98,0.93,auto,v1,jev-1.13.0
PILOT-0380,negative,0.91,0.96,moderate,Shira,1.0,0.87,auto,v1,jev-1.13.0
PILOT-0381,neutral,0.8,0.94,calm,Shira,1.0,0.12,auto,v1,jev-1.13.0
PILOT-0382,not_about_candidate,1.0,0.02,mild,Shira,0.99,0.06,auto,v1,jev-1.13.0
PILOT-0383,negative,0.86,0.86,strong,Shira,0.99,0.91,auto,v1,jev-1.13.0
PILOT-0384,negative,0.99,0.96,strong,Shira,1.0,0.94,auto,v1,jev-1.13.0
PILOT-0385,positive,0.99,0.95,mild,Shira,1.0,0.13,auto,v1,jev-1.13.0
PILOT-0386,not_about_candidate,0.99,0.02,mild,Shira,1.0,0.06,auto,v1,jev-1.13.0
PILOT-0387,positive,0.99,0.95,mild,Shira,1.0,0.13,auto,v1,jev-1.13.0
PILOT-0388,positive,0.94,0.91,mild,Shira,1.0,0.22,auto,v1,jev-1.13.0
PILOT-0389,neutral,0.99,0.87,calm,Shira,1.0,0.12,auto,v1,jev-1.13.0
PILOT-0390,negative,0.75,0.93,strong,Shira,1.0,0.57,human_review,v1,jev-1.13.0
PILOT-0391,negative,0.97,0.99,strong,Shira,1.0,0.52,auto,v1,jev-1.13.0
PILOT-0392,positive,0.99,0.94,mild,Shira,1.0,0.16,auto,v1,jev-1.13.0
PILOT-0393,neutral,0.99,0.88,calm,Shira,1.0,0.13,auto,v1,jev-1.13.0
PILOT-0394,negative,0.98,0.97,strong,Shira,1.0,0.92,auto,v1,jev-1.13.0
PILOT-0395,positive,1.0,0.98,moderate,Shira,1.0,0.36,auto,v1,jev-1.13.0
PILOT-0396,positive,0.93,0.92,mild,Shira,1.0,0.23,auto,v1,jev-1.13.0
PILOT-0397,negative,0.97,0.98,moderate,Shira,1.0,0.54,auto,v1,jev-1.13.0
PILOT-0398,neutral,0.82,0.93,calm,Shira,1.0,0.12,auto,v1,jev-1.13.0
PILOT-0399,positive,1.0,0.99,mild,Shira,1.0,0.31,auto,v1,jev-1.13.0
PILOT-0400,positive,1.0,0.99,strong,Shira,1.0,0.41,auto,v1,jev-1.13.0
PILOT-0401,negative,0.98,0.93,strong,Tafawa-Balewa,1.0,0.57,auto,v1,jev-1.13.0
PILOT-0402,positive,0.98,0.95,mild,Tafawa-Balewa,1.0,0.31,auto,v1,jev-1.13.0
PILOT-0403,not_about_candidate,1.0,0.02,mild,Tafawa-Balewa,1.0,0.11,auto,v1,jev-1.13.0
PILOT-0404,positive,1.0,0.98,moderate,Tafawa-Balewa,1.0,0.2,auto,v1,jev-1.13.0
PILOT-0405,neutral,0.86,0.92,calm,Tafawa-Balewa,1.0,0.13,auto,v1,jev-1.13.0
PILOT-0406,negative,0.98,0.98,strong,Tafawa-Balewa,1.0,0.56,auto,v1,jev-1.13.0
PILOT-0407,negative,0.95,0.98,strong,Tafawa-Balewa,1.0,0.56,auto,v1,jev-1.13.0
PILOT-0408,negative,0.87,0.95,strong,Tafawa-Balewa,1.0,0.57,auto,v1,jev-1.13.0
PILOT-0409,not_about_candidate,0.98,0.02,mild,Tafawa-Balewa,1.0,0.09,auto,v1,jev-1.13.0
PILOT-0410,positive,0.99,0.93,mild,Tafawa-Balewa,1.0,0.28,auto,v1,jev-1.13.0
PILOT-0411,negative,0.95,0.94,moderate,Tafawa-Balewa,1.0,0.92,auto,v1,jev-1.13.0
PILOT-0412,neutral,0.99,0.86,calm,Tafawa-Balewa,1.0,0.15,auto,v1,jev-1.13.0
PILOT-0413,neutral,0.99,0.88,calm,Tafawa-Balewa,1.0,0.15,auto,v1,jev-1.13.0
PILOT-0414,positive,0.99,0.93,mild,Tafawa-Balewa,1.0,0.27,auto,v1,jev-1.13.0
PILOT-0415,negative,0.84,0.92,strong,Tafawa-Balewa,1.0,0.52,auto,v1,jev-1.13.0
PILOT-0416,negative,0.97,0.94,moderate,Tafawa-Balewa,1.0,0.93,auto,v1,jev-1.13.0
PILOT-0417,not_about_candidate,0.99,0.02,mild,Tafawa-Balewa,0.99,0.08,auto,v1,jev-1.13.0
PILOT-0418,positive,0.97,0.94,mild,Tafawa-Balewa,1.0,0.3,auto,v1,jev-1.13.0
PILOT-0419,negative,0.95,0.95,strong,Tafawa-Balewa,1.0,0.94,auto,v1,jev-1.13.0
PILOT-0420,negative,0.99,0.95,moderate,Tafawa-Balewa,1.0,0.94,auto,v1,jev-1.13.0
PILOT-0421,positive,1.0,0.98,moderate,Tafawa-Balewa,1.0,0.42,auto,v1,jev-1.13.0
PILOT-0422,neutral,0.93,0.91,calm,Tafawa-Balewa,1.0,0.17,auto,v1,jev-1.13.0
PILOT-0423,positive,1.0,0.99,strong,Tafawa-Balewa,1.0,0.19,auto,v1,jev-1.13.0
PILOT-0424,neutral,0.99,0.91,calm,Tafawa-Balewa,1.0,0.14,auto,v1,jev-1.13.0
PILOT-0425,positive,1.0,0.99,strong,Tafawa-Balewa,1.0,0.25,auto,v1,jev-1.13.0
PILOT-0426,neutral,0.92,0.93,calm,Toro,1.0,0.16,auto,v1,jev-1.13.0
PILOT-0427,negative,0.92,0.9,moderate,Toro,0.98,0.91,auto,v1,jev-1.13.0
PILOT-0428,positive,1.0,0.98,moderate,Toro,1.0,0.41,auto,v1,jev-1.13.0
PILOT-0429,not_about_candidate,0.99,0.02,calm,Toro,1.0,0.05,auto,v1,jev-1.13.0
PILOT-0430,positive,1.0,0.99,strong,Toro,1.0,0.37,auto,v1,jev-1.13.0
PILOT-0431,positive,0.98,0.9,mild,Toro,1.0,0.23,auto,v1,jev-1.13.0
PILOT-0432,neutral,0.99,0.85,calm,Toro,1.0,0.15,auto,v1,jev-1.13.0
PILOT-0433,positive,0.98,0.95,mild,Toro,1.0,0.14,auto,v1,jev-1.13.0
PILOT-0434,negative,0.8,0.94,strong,Toro,1.0,0.61,auto,v1,jev-1.13.0
PILOT-0435,not_about_candidate,1.0,0.02,calm,Toro,1.0,0.1,auto,v1,jev-1.13.0
PILOT-0436,negative,0.93,0.91,strong,Toro,1.0,0.5,auto,v1,jev-1.13.0
PILOT-0437,negative,0.98,0.99,strong,Toro,1.0,0.57,auto,v1,jev-1.13.0
PILOT-0438,neutral,0.84,0.92,calm,Toro,1.0,0.14,auto,v1,jev-1.13.0
PILOT-0439,neutral,0.99,0.82,calm,Toro,1.0,0.14,auto,v1,jev-1.13.0
PILOT-0440,negative,0.97,0.99,strong,Toro,1.0,0.58,auto,v1,jev-1.13.0
PILOT-0441,not_about_candidate,0.99,0.02,mild,Toro,1.0,0.09,auto,v1,jev-1.13.0
PILOT-0442,negative,0.91,0.89,strong,Toro,1.0,0.93,auto,v1,jev-1.13.0
PILOT-0443,positive,0.97,0.89,mild,Toro,1.0,0.23,auto,v1,jev-1.13.0
PILOT-0444,positive,1.0,0.98,moderate,Toro,1.0,0.29,auto,v1,jev-1.13.0
PILOT-0445,negative,0.98,0.91,strong,Toro,1.0,0.61,auto,v1,jev-1.13.0
PILOT-0446,positive,1.0,0.99,strong,Toro,1.0,0.33,auto,v1,jev-1.13.0
PILOT-0447,negative,0.99,0.97,strong,Toro,1.0,0.93,auto,v1,jev-1.13.0
PILOT-0448,negative,0.99,0.96,strong,Toro,1.0,0.93,auto,v1,jev-1.13.0
PILOT-0449,neutral,0.78,0.91,calm,Toro,1.0,0.13,human_review,v1,jev-1.13.0
PILOT-0450,positive,0.98,0.94,mild,Toro,1.0,0.18,auto,v1,jev-1.13.0
PILOT-0451,positive,0.92,0.9,mild,Warji,1.0,0.25,auto,v1,jev-1.13.0
PILOT-0452,positive,0.99,0.95,mild,Warji,1.0,0.28,auto,v1,jev-1.13.0
PILOT-0453,negative,0.92,0.91,strong,Warji,1.0,0.93,auto,v1,jev-1.13.0
PILOT-0454,positive,1.0,0.99,strong,Warji,1.0,0.21,auto,v1,jev-1.13.0
PILOT-0455,negative,0.99,0.98,strong,Warji,1.0,0.51,auto,v1,jev-1.13.0
PILOT-0456,negative,0.98,0.99,strong,Warji,1.0,0.49,auto,v1,jev-1.13.0
PILOT-0457,negative,0.99,0.95,strong,Warji,1.0,0.91,auto,v1,jev-1.13.0
PILOT-0458,positive,0.99,0.96,mild,Warji,1.0,0.29,auto,v1,jev-1.13.0
PILOT-0459,positive,1.0,0.98,moderate,Warji,1.0,0.29,auto,v1,jev-1.13.0
PILOT-0460,neutral,0.9,0.92,calm,Warji,1.0,0.15,auto,v1,jev-1.13.0
PILOT-0461,positive,1.0,0.95,mild,Warji,1.0,0.27,auto,v1,jev-1.13.0
PILOT-0462,negative,0.91,0.88,strong,Warji,1.0,0.92,auto,v1,jev-1.13.0
PILOT-0463,positive,1.0,0.99,strong,Warji,1.0,0.43,auto,v1,jev-1.13.0
PILOT-0464,negative,0.99,0.94,strong,Warji,1.0,0.49,auto,v1,jev-1.13.0
PILOT-0465,not_about_candidate,0.99,0.02,mild,Warji,1.0,0.08,auto,v1,jev-1.13.0
PILOT-0466,neutral,0.99,0.85,calm,Warji,1.0,0.13,auto,v1,jev-1.13.0
PILOT-0467,positive,0.99,0.92,mild,Warji,1.0,0.23,auto,v1,jev-1.13.0
PILOT-0468,not_about_candidate,0.99,0.02,mild,Warji,1.0,0.09,auto,v1,jev-1.13.0
PILOT-0469,positive,1.0,0.98,moderate,Warji,1.0,0.33,auto,v1,jev-1.13.0
PILOT-0470,not_about_candidate,1.0,0.02,mild,Warji,1.0,0.07,auto,v1,jev-1.13.0
PILOT-0471,neutral,0.99,0.84,calm,Warji,1.0,0.13,auto,v1,jev-1.13.0
PILOT-0472,neutral,0.89,0.91,calm,Warji,1.0,0.16,auto,v1,jev-1.13.0
PILOT-0473,negative,0.88,0.95,strong,Warji,1.0,0.54,auto,v1,jev-1.13.0
PILOT-0474,positive,1.0,0.95,mild,Warji,1.0,0.23,auto,v1,jev-1.13.0
PILOT-0475,negative,1.0,0.96,moderate,Warji,1.0,0.93,auto,v1,jev-1.13.0
PILOT-0476,positive,1.0,0.95,mild,Zaki,1.0,0.18,auto,v1,jev-1.13.0
PILOT-0477,negative,0.89,0.96,moderate,Zaki,1.0,0.89,auto,v1,jev-1.13.0
PILOT-0478,negative,0.95,0.98,strong,Zaki,0.99,0.53,auto,v1,jev-1.13.0
PILOT-0479,not_about_candidate,0.99,0.02,calm,Zaki,0.99,0.06,auto,v1,jev-1.13.0
PILOT-0480,positive,1.0,0.98,moderate,Zaki,0.99,0.32,auto,v1,jev-1.13.0
PILOT-0481,neutral,0.99,0.87,calm,Zaki,0.99,0.12,auto,v1,jev-1.13.0
PILOT-0482,not_about_candidate,0.99,0.02,mild,Zaki,1.0,0.16,auto,v1,jev-1.13.0
PILOT-0483,positive,1.0,0.99,strong,Zaki,0.97,0.17,auto,v1,jev-1.13.0
PILOT-0484,negative,0.97,0.95,moderate,Zaki,1.0,0.92,auto,v1,jev-1.13.0
PILOT-0485,negative,0.98,0.96,strong,Zaki,1.0,0.93,auto,v1,jev-1.13.0
PILOT-0486,not_about_candidate,0.99,0.02,mild,Zaki,0.99,0.07,auto,v1,jev-1.13.0
PILOT-0487,negative,0.89,0.96,moderate,Zaki,1.0,0.9,auto,v1,jev-1.13.0
PILOT-0488,positive,0.99,0.9,mild,Zaki,0.99,0.25,auto,v1,jev-1.13.0
PILOT-0489,negative,0.98,0.93,strong,Zaki,1.0,0.6,auto,v1,jev-1.13.0
PILOT-0490,neutral,0.98,0.84,calm,Zaki,0.99,0.13,auto,v1,jev-1.13.0
PILOT-0491,positive,1.0,0.99,strong,Zaki,0.99,0.29,auto,v1,jev-1.13.0
PILOT-0492,positive,0.95,0.92,mild,Zaki,0.98,0.27,auto,v1,jev-1.13.0
PILOT-0493,neutral,0.8,0.94,calm,Zaki,0.99,0.15,auto,v1,jev-1.13.0
PILOT-0494,positive,0.99,0.95,mild,Zaki,0.99,0.23,auto,v1,jev-1.13.0
PILOT-0495,positive,1.0,0.98,moderate,Zaki,0.98,0.31,auto,v1,jev-1.13.0
PILOT-0496,negative,0.94,0.98,strong,Zaki,1.0,0.54,auto,v1,jev-1.13.0
PILOT-0497,negative,0.98,0.91,strong,Zaki,0.99,0.55,auto,v1,jev-1.13.0
PILOT-0498,negative,0.92,0.9,strong,Zaki,0.93,0.89,auto,v1,jev-1.13.0
PILOT-0499,negative,0.88,0.91,moderate,Zaki,0.98,0.91,auto,v1,jev-1.13.0
PILOT-0500,neutral,0.82,0.94,calm,Zaki,0.99,0.15,auto,v1,jev-1.13.0
