source_id,publisher,source_type,title,url,publication_date,retrieved_date,document_type,source_grade,usage_note,content_hash
source-campaign-home,Dr. Yakubu Adamu Campaign,campaign_site,Dr. Yakubu Adamu for Bauchi State Governor,https://yakubuadamuphd.com/en,2026,2026-09-24,web_page,D,Promises and campaign positioning only,374731ad438bf21b0fde0c7911279a5fabd7486eb63758ab876433c254653f16
source-apm-home,Allied Peoples' Movement,party_site,Allied Peoples' Movement official website,https://apm.org.ng/,2024-06-16,2026-09-24,web_page,A,Brand logo and official party identity,6273e25d0546b3f28df9bf6120d86f4ce9398e77014b6e749e558b2d3e9f2054
source-basg-health,Bauchi State Government,official_news,UNICEF Offers Free Maternal Child Health Services In Bauchi,https://home.bauchistate.gov.ng/unicef-offers-free-maternal-child-health-services-in-bauchi/,2026-07-02,2026-09-24,web_page,A,Official state service announcement; outcome measures require follow-up,0df27e90e720db1cab1464c553e2bf6634dd3bfabd931e1ae6c94b63f7a10137
source-basg-nutrition,Bauchi State Government,official_news,Bauchi Govt UNICEF Commit N1bn To Tackle Malnutrition Distribute Therapeutic Food,https://home.bauchistate.gov.ng/bauchi-govt-unicef-commit-n1bn-to-tackle-malnutrition-distribute-therapeutic-food/,2026-06-30,2026-09-24,web_page,A,Official state news; headline and body funding figures require reconciliation,0f0bfb69ca23677bc7b376e7a09d24c0824fe82ae0e0f1985985232f0d9c699c
source-basg-sazu,Bauchi State Government,official_news,NUC Approves 12 New Academic Programmes for Sa'adu Zungur University Bauchi,https://home.bauchistate.gov.ng/nuc-approves-12-new-academic-programmes-for-saadu-zungur-university-bauchi/,2026-07-02,2026-09-24,web_page,A,Official state news; approval is a verified institutional milestone,6c367f6d893ef5655d5ecfde3810b4687edb8ac1defdee9ffdb16e8a199c901f
source-acresal,ACReSAL / Bauchi State Government,programme_news,Bauchi State Governor Launches ACReSAL Project Plans to Construct Over 100 Earth Dams Across the State,https://acresal.gov.ng/bauchi-state-governor-launches-acresal-project-plans-to-construct-over-100-earth-dams-across-the-state,2023-05-26,2026-09-24,web_page,B,Programme launch and mobilisation evidence; planned dam count is not completion evidence,ea072ffe692196deac18ce9bda25381dfddf76c8354cc2f2ef4ea51272b64557
source-basg-mtss,Bauchi State Government,official_news,Bauchi Govt Begins Development of 2026-2028 Medium-Term Sector Strategy in Key Service Areas,https://home.bauchistate.gov.ng/bauchi-govt-begins-development-of-2026-2028-medium-term-sector-strategy-in-key-service-areas,2025-08-18,2026-09-24,web_page,A,Planning and performance-framework milestone,5cbd0331eed146e00de400b6f8217c7fd8969dbbfec32adc2dad00937ab044f0
source-basg-roads-115,Bauchi State Government,official_project,Bauchi gov inaugurates construction of 115km rural roads,https://www.bauchistate.gov.ng/bauchi-gov-inaugurates-construction-of-115km-rural-roads,2024-08-22,2026-09-24,web_page,A,Official project announcement; construction underway and completion not yet verified,51656d2d24df1769c2d797cc6b5d8e8c9c3fa93446ccdba67df5df1271e6096b
source-basg-kirfi-road,Bauchi State Government,official_project,Gov. Bala Mohammed Flags Off Construction Of N18bn Road In Bauchi Community,https://www.bauchistate.gov.ng/gov-bala-mohammed-flags-off-construction-of-n18bn-road-in-bauchi-community,2024-09-11,2026-09-24,web_page,A,Official project announcement for Kirfi; completion not yet verified,f887295da06a00d5025ec67f57189797cf564b8f749aa6ba0f7186e021ff189a
source-basg-gadau-road,Bauchi State Government,official_project,Governor Bala Flagged Off 2.5km Road Project at Bauchi State University Gadau,https://www.bauchistate.gov.ng/bauchi-state-government-house-press-release-governor-bala-flaged-off-2-5-km-road-project-in-the-state-university-main-campus-gadau/,2023-12-15,2026-09-24,web_page,A,Official project announcement; title and body use 2.5km and 2.6km; completion not verified,a87e9fd13e6f674b0b79c26ae4e30b4e58149d933b2017078a2bce152ff37960
source-cibs,Radio Nigeria North East Zone,independent_project,UK-Funded CRIBS Project to Upgrade 24 Schools and Clinics in Five Bauchi LGAs,https://radionigerianortheast.gov.ng/?p=4427,2026-05-12,2026-09-24,web_page,B,Independent institutional report; selected beneficiaries and project scope require outcome follow-up,1abbb3b9494aed5691224cd6e5c26ce30f454b909dc80d55eceab04d0b12cfed
source-alkaleri-lga,Alkaleri Local Government,official_lga_news,Alkaleri Residents Hail Bauchi Gov for Roads Schools Projects,https://alkaleri-lga.bauchistate.gov.ng/alkaleri-residents-hail-bauchi-gov-for-roads-schools-projects/,2025-10-02,2026-09-24,web_page,A,Official LGA report; completed 56km road and 25.8km upgrade evidence,a92780cc8e12fc7bf8d84a2f6446a9e9d2f83262b4d834cf38d3476f57ec56cb
source-bauchi-ward-road,Tribune Online,independent_project,Bauchi Reps Member Aminu Garu Flags Off 2km Rural Road,https://tribuneonlineng.com/bauchi-reps-member-aminu-garu-flags-off-2km-rural-road/,2025-04-06,2026-09-24,web_page,B,Kangere Ward Bauchi LGA road launch; completion not yet verified,ff50198381a63078c8611c106620b7866ba64658ef2acca681e61be4d0a25b15
source-bogoro-road,The Sun Nigeria,independent_project,Bauchi Residents Excited as Governor Bala Mohammed Delivers Boi Tapshin Road Project,https://thesun.ng/bauchi-residents-excited-as-governor-bala-mohammed-delivers-boi-tapshin-road-project/,2025-09-12,2026-09-24,web_page,B,Completed 11km road with bridge and culverts; source reports resident and engineering confirmation,b809a3f86cfb9a10e354ddb3d68cfd62e3deba750a9e897515aac543ff7da5bc
source-dambam-health,Tribune Online,independent_project,Bauchi Govt Reiterates Commitment to Quality Healthcare Delivery,https://tribuneonlineng.com/bauchi-govt-reiterates-commitment-to-quality-healthcare-delivery/,2025-09-07,2026-09-24,web_page,B,Dagauda PHC expanded from 30 to 49 beds with 24-hour solar power,835a23fcc83b88d8128d2590776e4b456c5c2e2128f38cf3f5249c8943b6afb7
source-dass-road,9News Nigeria,independent_project,Bauchi Governor to Build Township Roads at Dass,https://9newsng.com/bauchi-governor-to-build-township-roads-at-dass/,2024-09-14,2026-09-24,web_page,B,Dass township and Dur-Dado road construction announcement; completion not yet verified,f6ac9ecfa875652561ccbc3a58599cfae8deb0de8c680a0b7d81a42548e991a2
source-ganjuwa-education,Bauchi State Government,official_news,We Will Intensify Efforts to Foster Educational Development Bauchi Gov,https://www.bauchistate.gov.ng/well-intensify-efforts-to-foster-educational-development-bauchi-gov/,2023-12-28,2026-09-24,web_page,A,71 graduates and more than 1000 conversions reported at a Ganjuwa school graduation,576cb196f8ebd102e56f350d49c48eb10ddf18d378042fa8514b109bc572d7cb
source-giade-mill,Foundation for Sustainable Smallholder Solutions,implementing_partner,The Mill That Brought Opportunity Home to Kurba,https://fsssolutions.org/fsss-impact/the-mill-that-brought-opportunity-home-to-kurba/,2026-07-10,2026-09-24,web_page,A,11/30kW rice mill raised reported capacity from 10 to up to 30 bags per day,74029be6f501ffa9318d02d4ad443b7e428e14ea5b1e987e3909518a50656328
source-jamaare-flood,Federal Ministry of Information and National Orientation,official_federal_news,Jamaare Communities Should Take Over Ownership and Maintenance of Project,https://fmino.gov.ng/jamaare-communities-should-take-over-the-ownership-and-maintenance-of-project-fg/,2022-01-24,2026-09-24,web_page,A,Federal flood and erosion control project commissioned and handed over,3d5a3055e7bac1031e5aad29451e49b7e40b43742f55662fbab67529093dd605
source-ningi-road,Albarka Radio,independent_project,Bauchi State Media Tour Ningi Gets Major Road Projects,https://albarkaradio.com/bauchi-state-media-tour-ningi-gets-major-road-projects-as-22km-dual-carriageway-4km-township-road-transform-local-communities/,2025-09-12,2026-09-24,web_page,B,4km Nasaru township road reported completed; 22km carriageway reported above 70 percent,64e4376ba303a76facd99a3b69acc22d2cfc95491786b567b6b481ecf29fef66
source-torodo-water,Tribune Online,independent_project,WaterAid RUWASA Provides Boreholes to 30 Bauchi Communities,https://tribuneonlineng.com/wateraid-nigeria-ruwasa-provide-boreholes-to-30-bauchi-communities/,2024-12-17,2026-09-24,web_page,B,30 communities in Tafawa-Balewa received water facilities; beneficiary results require follow-up,42f9925f9c7422a352dc6edc0d6e46d5a2306daba4e502bcd345f0a5d4d39def
source-warji-acresal,Tribune Online,independent_project,ACReSAL Provides Plant Nurseries Water Schemes in Three Bauchi LGAs,https://tribuneonlineng.com/acresal-provides-plant-nurseries-water-schemes-in-three-bauchi-lgas/,2025-07-26,2026-09-24,web_page,B,Warji nursery and integrated water scheme handover; completion and utilization need follow-up,7a7baa37a36a98b8f6f08b2ee59401ded5972155b06a0293b543f83afdfc1eee
source-basg-education-scorecard,Bauchi State Government,official_news,Bauchi Govt Says 300 Schools Renovated 3000 Teachers Recruited in One Year,https://home.bauchistate.gov.ng/bauchi-govt-says-300-schools-renovated-3000-teachers-recruited-in-one-year/,2025-05-26,2026-09-24,web_page,A,Statewide delivery outputs include 300 schools and 3000 teachers; education quality outcomes require follow-up,25dbc8d3689a59d7967ad119bff743d7971483d495211fa6be912928c40314c2
